First Author (last),First Author (first),et al.,Modern Location,Modern Latitude,Modern Longitude,Paleo-Latitude,Paleo-Longitude,Numerical Age,Period,Epoch,Age,Formation,Host Litho,Year,DOI,Title,Citation (MLA 9),Note
Adams,A. E.,-,"Monyash, Derbyshire",53.19512,-1.77485,,,,Carboniferous,-,-,Eyam Limestone,-,1980,10.1111/j.1365-3091.1980.tb01653.x,Calcrete profiles in the Eyam Limestone (Carboniferous) of Derbyshire:petrology and regional significance,"Adams, A. E. “Calcrete Profiles in the Eyam Limestone (Carboniferous) of Derbyshire: Petrology and Regional Significance.” Sedimentology, vol. 27, no. 6, 1980, pp. 651–60. Wiley Online Library, https://doi.org/10.1111/j.1365-3091.1980.tb01653.x.
",
Aissaoui,Djafar M,"Purser, Bruce H","Fnoud, Algeria",35.260556,4.636944,,,,Jurassic,Late,-,-,Ouled Nail mountains,1983,10.1111/j.1365-3091.1983.tb00670.x,Nature and origins of internal sediments in Jurassic limestones of Burgundy (France) and Fnoud (Algeria),"Aissaoui, Djafar M., and Bruce H. Purser. “Nature and Origins of Internal Sediments in Jurassic Limestones of Burgundy (Franc) and Fnoud (Algeria).” Sedimentology, vol. 30, no. 2, 1983, pp. 273–83. Wiley Online Library, https://doi.org/10.1111/j.1365-3091.1983.tb00670.x.",
Aissaoui,Djafar M,"Purser, Bruce H","Burgundy, France",47,4.499997,,,,Jurassic,Middle,-,-,Paris Basin,1983,10.1111/j.1365-3091.1983.tb00670.x,Nature and origins of internal sediments in Jurassic limestones of Burgundy (France) and Fnoud (Algeria),"Aissaoui, Djafar M., and Bruce H. Purser. “Nature and Origins of Internal Sediments in Jurassic Limestones of Burgundy (Franc) and Fnoud (Algeria).” Sedimentology, vol. 30, no. 2, 1983, pp. 273–83. Wiley Online Library, https://doi.org/10.1111/j.1365-3091.1983.tb00670.x.",
Aissaoui,Djafar M,-,"chott el Hodna, Algeria",35.296756,4.721604,,,,Jurassic,Late,-,-,Djebel Meharga,1989,10.1016/0899-5362(89)90025-0,"Paléogéographie du Jurassique supérieur au sud du choot El Hodna, Algérie","Aissaoui, Djafar M. “Paléogéographie du Jurassique supérieur au sud du choot El Hodna, Algérie.” Journal of African Earth Sciences, vol. 9, no. 3/4, 1989, pp. 413–20. Zotero, https://doi.org/10.1016/0899-5362(89).",
Alonso Zarza,A.M.,"Calvo, J.P.; García del Cura, M.A.","Argecilla, Spain",40.884167,2.816389,,,13.82-11.63,Neogene,Miocene,Serravallian,Intermediate Unit,Madrid Basin,1992,10.1016/0037-0738(92)90138-H,"Palustrine sedimentation and associated features grainification and pseudo-microkarst in the Middle Miocene (Intermediate Unit) of the Madrid Basin, Spain","Alonso Zarza, A. M., et al. “Palustrine Sedimentation and Associated Features—Grainification and Pseudo-Microkarst—in the Middle Miocene (Intermediate Unit) of the Madrid Basin, Spain.” Sedimentary Geology, vol. 76, no. 1–2, Feb. 1992, pp. 43–61. DOI.org (Crossref), https://doi.org/10.1016/0037-0738(92)90138-H.",
Armenteros,Ildefonso,-,"Adrada de Haza, Spain",41.594287,-3.8213274,,,,Neogene,Miocene,-,Lower Unit,Duero Basin,2010,10.1016/S0070-4571(09)06202-5,Chapter 2 Diagenesis of Carbonates in Continental Settings,"Armenteros, Ildefonso. “Chapter 2 Diagenesis of Carbonates in Continental Settings.” Developments in Sedimentology, vol. 62, Elsevier, 2010, pp. 61–151. DOI.org (Crossref), https://doi.org/10.1016/S0070-4571(09)06202-5.",
Armenteros,Ildefonso,,"Fuentegelmes, Spain",41.362802,-2.671756,,,,Neogene,Miocene,-,"Palustrine facies,",Almazán Basin,2010,10.1016/S0070-4571(09)06202-5,Chapter 2 Diagenesis of Carbonates in Continental Settings,"Armenteros, Ildefonso. “Chapter 2 Diagenesis of Carbonates in Continental Settings.” Developments in Sedimentology, vol. 62, Elsevier, 2010, pp. 61–151. DOI.org (Crossref), https://doi.org/10.1016/S0070-4571(09)06202-5.",
Armenteros,Ildefonso,-,"Milagros, Spain",41.576632,-3.690196,,,,Neogene,Miocene,-,Lower Unit,Duero Basin,2010,10.1016/S0070-4571(09)06202-5,Chapter 2 Diagenesis of Carbonates in Continental Settings,"Armenteros, Ildefonso. “Chapter 2 Diagenesis of Carbonates in Continental Settings.” Developments in Sedimentology, vol. 62, Elsevier, 2010, pp. 61–151. DOI.org (Crossref), https://doi.org/10.1016/S0070-4571(09)06202-5.",
Armenteros,Ildefonso,-,"Adrada de Haza, Spain",41.593444,-3.824347,,,,Neogene,Miocene,-,Lower Unit,Duero Basin,2010,10.1016/S0070-4571(09)06202-5,Chapter 2 Diagenesis of Carbonates in Continental Settings,"Armenteros, Ildefonso. “Chapter 2 Diagenesis of Carbonates in Continental Settings.” Developments in Sedimentology, vol. 62, Elsevier, 2010, pp. 61–151. DOI.org (Crossref), https://doi.org/10.1016/S0070-4571(09)06202-5.",
Ashley,Gail M.,"Driese, Steven G.","Olduvai Gorge, Tanzania",-2.993515,35.363641,,,1.75,Quaternary,Pleistocene,Calabrian,Lemuta member,Olduvai Basin,2000,10.1306/040300701065,"Paleopedology and Paleohydrology of a Volcaniclastic Paleosol Interval: Implications for Early Pleistocene Stratigraphy and Paleoclimate Record, Olduvai Gorge, Tanzania","Ashley, G. M., and S. G. Driese. “Paleopedology and Paleohydrology of a Volcaniclastic Paleosol Interval: Implications for Early Pleistocene Stratigraphy and Paleoclimate Record, Olduvai Gorge, Tanzania.” Journal of Sedimentary Research, vol. 70, no. 5, Sept. 2000, pp. 1065–80. DOI.org (Crossref), https://doi.org/10.1306/040300701065.",
Ashley,Gail M.,"Driese, Steven G.","Olduvai Gorge, Tanzania",-2.990601,35.366902,,,1.75,Quaternary,Pleistocene,Calabrian,Lemuta member,Olduvai Basin,2000,10.1306/040300701065,"Paleopedology and Paleohydrology of a Volcaniclastic Paleosol Interval: Implications for Early Pleistocene Stratigraphy and Paleoclimate Record, Olduvai Gorge, Tanzania","Ashley, G. M., and S. G. Driese. “Paleopedology and Paleohydrology of a Volcaniclastic Paleosol Interval: Implications for Early Pleistocene Stratigraphy and Paleoclimate Record, Olduvai Gorge, Tanzania.” Journal of Sedimentary Research, vol. 70, no. 5, Sept. 2000, pp. 1065–80. DOI.org (Crossref), https://doi.org/10.1306/040300701065.",
Assereto,Riccardo,"Folk, Robert L.","Lombarfdia, Italy",45.888883,9.731355,,,,Triassic,Middle-Late,Ladinian-Carnian,Calcare Rosso limestone,Southern Alps,1980,10.1306/212F7A0E-2B24-11D7-8648000102C1865D,"Diagenetic Fabrics of Aragonite, Calcite, and Dolomite in an Ancient Peritidal-Spelean Environment: Triassic Calcare Rosso, Lombardia, Italy","Assereto, Riccardo, and Robert L. Folk. “Diagenetic Fabrics of Aragonite, Calcite, and Dolomite in an Ancient Peritidal-Spelean Environment: Triassic Calcare Rosso, Lombardia, Italy.” SEPM Journal of Sedimentary Research, vol. Vol. 50, 1980. DOI.org (Crossref), https://doi.org/10.1306/212F7A0E-2B24-11D7-8648000102C1865D.",
Assereto,Riccardo,"Kendall, Christopher","Val Brembana, Italy",45.897168,9.65765,,,,Triassic,Middle-Late,Ladinian-Carnian,Calcare Rosso,Southern Alps,1977,10.1111/j.1365-3091.1977.tb00254.x,"Nature, origin and classification of peritidal tepee structures and related breccias","Assereto, Riccardo L. A. M., and Christopher G. St C. Kendall. “Nature, Origin and Classification of Peritidal Tepee Structures and Related Breccias.” Sedimentology, vol. 24, no. 2, 1977, pp. 153–210. Wiley Online Library, https://doi.org/10.1111/j.1365-3091.1977.tb00254.x.",
Assereto,Riccardo,"Kendall, Christopher","Presolana, Italy",45.915444,10.100367,,,,Triassic,Middle-Late,Ladinian-Carnian,Breno Formation,Southern Alps,1977,10.1111/j.1365-3091.1977.tb00254.x,"Nature, origin and classification of peritidal tepee structures and related breccias","Assereto, Riccardo L. A. M., and Christopher G. St C. Kendall. “Nature, Origin and Classification of Peritidal Tepee Structures and Related Breccias.” Sedimentology, vol. 24, no. 2, 1977, pp. 153–210. Wiley Online Library, https://doi.org/10.1111/j.1365-3091.1977.tb00254.x.",
Aubrecht,Roman,"Szulc, Joachim; Michalik, Jozef; Schlogl, Jan; Wagreich, Michael","Slavnicke Podhorie, Slovakia",49.017663,18.156842,,,,Jurassic,Middle,Bathonian-Callovian,Czorsztyn Unit,Pieniny Klippen Belt,2002,10.1007/bf02667709,Middle Jurassic Stromatactis Mud-mound in the Pieniny Klippen Belt (Western Carpathians),"Aubrecht, Roman, et al. “Middle Jurassic Stromatactis Mud-Mound in the Pieniny Klippen Belt (Western Carpathians).” Facies, vol. 47, 2002, pp. 113–26. Springer Link, https://doi.org/10.1007/bf02667709.",
Azennoud,Khalil,"Baali, Abdennasser; Mesquita-Joanes, Francesc; El Asmi, Hicham; Ait Brahim, Yassine",northern Morocco,33.559006,4.930656,,,,Jurassic,Early,-,FA2 palustrine bioclastic limestone,Lake Ifrah Basin,2023,10.1016/j.sedgeo.2023.106376,"Disentangling orbital, sub-orbital, and tectonic signatures from lacustrine sediments developed upon a half-graben (Lake Ifrah Basin, Northwest Africa): Insights into lowest-rank T-R sequences in low accommodation basins","Azennoud, Khalil, et al. “Disentangling Orbital, Sub-Orbital, and Tectonic Signatures from Lacustrine Sediments Developed upon a Half-Graben (Lake Ifrah Basin, Northwest Africa): Insights into Lowest-Rank T-R Sequences in Low Accommodation Basins.” Sedimentary Geology, vol. 449, May 2023, p. 106376. ScienceDirect, https://doi.org/10.1016/j.sedgeo.2023.106376.",
Baceta,Juan Ignacio,"Paul Wright, V; Beavington-Penney, Simon J; Pujalte, Victoriano","Vitoria-Gasteiz, Spain",42.843268,-2.294106,,,61.6-59.2,Paleogene,Paleocene,Selandian,Urbasa–Andia ridge,Western Pyrenees,2007,10.1016/j.sedgeo.2007.01.024,"Palaeohydrogeological control of palaeokarst macro-porosity genesis during a major sea-level lowstand: Danian of the Urbasa–Andia plateau, Navarra, North Spain","Baceta, Juan Ignacio, et al. “Palaeohydrogeological Control of Palaeokarst Macro-Porosity Genesis during a Major Sea-Level Lowstand: Danian of the Urbasa–Andia Plateau, Navarra, North Spain.” Sedimentary Geology, vol. 199, no. 3, July 2007, pp. 141–69. ScienceDirect, https://doi.org/10.1016/j.sedgeo.2007.01.024.",
Bhatt,Nilesh,"Patel, M.P.","Saurashtra, India",22.200159,68.996684,,,,Quaternary,Pleistocene,-,Carbonate Deposits,Saurashtra Peninsula,1996,10.17491/jgsi/1996/480406,Petrographic Criteria for Freshwater Diagenesis of Saurashtra Miliolites,"Bhatt, Nilesh, and M. P. Patel. “Petrographic Criteria for Freshwater Diagenesis of Saurashtra Miliolites.” Journal of the Geological Society of India, vol. 48, Oct. 1996, pp. 415–19. ResearchGate, https://doi.org/10.17491/jgsi/1996/480406.",
Bonatti,E,"Sartori, R; Boersma, A",mid-Atlantic,11.132222,44.7025,,,,Neogene,Pliocene,-,Vema Transform,mid-Atlantic,1982,10.1016/0040-1951(83)90042-2,Vertical crustal movements at the Vema Fracture Zone in the Atlantic: Evidence from dredged limestones,"Bonatti, E., et al. “Vertical Crustal Movements at the Vema Fracture Zone in the Atlantic: Evidence from Dredged Limestones.” Tectonophysics, vol. 91, no. 3–4, Jan. 1983, pp. 213–32. DOI.org (Crossref), https://doi.org/10.1016/0040-1951(83)90042-2.",
Booler,Jon,"Tucker, Maurice E.","Tremp, Spain",42.21,0.886667,,,,Cretaceous,Late,-,Tremp region,Spanish Pyrenees,2002,10.1016/S0037-0738(01)00120-8,"Distribution and geometry of facies and early diagenesis: the key  to accommodation space variation and sequence stratigraphy:  Upper Cretaceous Congost Carbonate platform, Spanish Pyrenees","Booler, Jon, and Maurice E. Tucker. “Distribution and Geometry of Facies and Early Diagenesis: The Key to Accommodation Space Variation and Sequence Stratigraphy: Upper Cretaceous Congost Carbonate Platform, Spanish Pyrenees.” Sedimentary Geology, vol. 146, no. 3–4, Jan. 2002, pp. 225–47. DOI.org (Crossref), https://doi.org/10.1016/S0037-0738(01)00120-8.",
Bosence,Dan,"Gallois, Arnaud","Isle of Portland, England",50.569899,-2.431731,,,,Jurassic,Late,-,Kimmeridge Clay,Freshwater Bay,2022,10.1111/sed.12933,"How do thrombolites form? Multiphase construction of lacustrine microbialites, Purbeck Limestone Group, (Jurassic), Dorset, UK","Bosence, Dan, and Arnaud Gallois. “How Do Thrombolites Form? Multiphase Construction of Lacustrine Microbialites, Purbeck Limestone Group, (Jurassic), Dorset, UK.” Sedimentology, vol. 69, no. 2, 2022, pp. 914–53. Wiley Online Library, https://doi.org/10.1111/sed.12933.",
Brocx,M,"Semeniuk, V; Percival, I.G.","New South Wales, Australia",-33.593945,148.89471,,,,Ordovician,Late,-,Fossil Hill Limestone,Cliefden Caves,2019,10.1080/08120099.2019.1569128,"Global geoheritage significance of Ordovician stratigraphy and sedimentology in the Cliefden Caves area, central western New South Wales","Brocx, M., et al. “Global Geoheritage Significance of Ordovician Stratigraphy and Sedimentology in the Cliefden Caves Area, Central Western New South Wales.” Australian Journal of Earth Sciences, vol. 66, no. 6, Aug. 2019, pp. 879–90. DOI.org (Crossref), https://doi.org/10.1080/08120099.2019.1569128.",
Buonocunto,Francesco P.,"D'Argenio, Bruno; Ferreri, Vittoria; Sandulli, Rosaria","Campania Apennines, Italy",41.220131,14.254525,,,,Cretaceous,Late,Santonian,Monte Sant'Erasmo,southern Apennines,1999,10.1006/cres.1998.0138,"Orbital cyclostratigraphy and sequence stratigraphy of Upper Cretaceous platform carbonates at Monte Sant’Erasmo, southern Apennines, Italy","Buonocunto, Francesco P., et al. “Orbital Cyclostratigraphy and Sequence Stratigraphy of Upper Cretaceous Platform Carbonates at Monte Sant’Erasmo, Southern Apennines, Italy.” Cretaceous Research, vol. 20, no. 1, Feb. 1999, pp. 81–95. DOI.org (Crossref), https://doi.org/10.1006/cres.1998.0138.",
Calner,Mikael,-,"Klintehamn, Sweden",57.378453,18.220689,,,438.5-427.4,Silurian,Middle,-,-,Baltic Basin,2001,10.1016/S0037-0738(01)00144-0,"A lowstand epikarstic intertidal flat from the middle Silurian of Gotland, Sweden","Calner, Mikael. “A Lowstand Epikarstic Intertidal Flat from the Middle Silurian of Gotland, Sweden.” Sedimentary Geology, vol. 148, no. 3, May 2002, pp. 389–403. ScienceDirect, https://doi.org/10.1016/S0037-0738(01)00144-0.",
Calner,Mikael,"Säll, Ewa","Gotland, Sweden",57.607901,18.723145,,,,Silurian,Wenlock,Homerian,Slite Rocky Shoreline Unconformity,Baltic Basin,1999,10.1080/11035899901212091,"Transgressive oolites onlapping a Silurian rocky shoreline unconformity, Gotland, Sweden","Calner, Mikael, and Ewa Säll. “Transgressive Oolites Onlapping a Silurian Rocky Shoreline Unconformity, Gotland, Sweden.” GFF, vol. 121, no. 2, June 1999, pp. 91–100. Taylor and Francis+NEJM, https://doi.org/10.1080/11035899901212091.",
Carsten,Reinhold,-,"Stuttgart, Germany",48.680281,9.667305,,,,Jurassic,Late,Oxfordian,limestone,Swabian Alb,1998,10.1306/D42687B6-2B26-11D7-8648000102C1865D,Ancient Helictites and the Formation of Vadose Crystal Silt in Upper Jurassic Carbonates (Southern Germany),"Carsten Reinhold. “Ancient Helictites and the Formation of Vadose Crystal Silt in Upper Jurassic Carbonates (Southern Germany).” SEPM Journal of Sedimentary Research, vol. Vol. 68 (1998), 1998. DOI.org (Crossref), https://doi.org/10.1306/D42687B6-2B26-11D7-8648000102C1865D.",
Chatalov,Athanas,-,"Bosnek, Bulgaria",42.833333,23.3,,,,Triassic,Late,Carnian-Norian,Tran Formation,Balkanide,2022,10.1007/s00531-021-02124-7,"An ancient analogue of carbonate beach complex: the Upper Triassic limestones of Tran Formation, southwestern Bulgaria","Chatalov, Athanas. “An Ancient Analogue of Carbonate Beach Complex: The Upper Triassic Limestones of Tran Formation, Southwestern Bulgaria.” International Journal of Earth Sciences, vol. 111, no. 2, Mar. 2022, pp. 463–89. Springer Link, https://doi.org/10.1007/s00531-021-02124-7.",
Chatalov,Athanas,-,"Chukovets, Bulgaria",42.733333,23.066667,,,,Triassic,Late,Carnian,Tran Formation,Balkanide,2022,10.1007/s00531-021-02124-7,"An ancient analogue of carbonate beach complex: the Upper Triassic limestones of Tran Formation, southwestern Bulgaria","Chatalov, Athanas. “An Ancient Analogue of Carbonate Beach Complex: The Upper Triassic Limestones of Tran Formation, Southwestern Bulgaria.” International Journal of Earth Sciences, vol. 111, no. 2, Mar. 2022, pp. 463–89. Springer Link, https://doi.org/10.1007/s00531-021-02124-7.",
Chen,Pei-yuan,"Tan, Xiu-cheng; Liu, Hong; Ma, Teng; Luo, Bing; Jiang, Xing-fu; Yu, Yang; Jin, Xiu-ju","NE Sichuan, China",31.5,107.983333,,,,Triassic,Early,-,Feixianguan,Sichuan Basin,2014,10.1007/s11771-014-2299-3,"Formation mechanism of reservoir oolitic dolomite in Lower Triassic Feixianguan formation, northeastern Sichuan Basin, southwest China","Chen, Pei-yuan, et al. “Formation Mechanism of Reservoir Oolitic Dolomite in Lower Triassic Feixianguan Formation, Northeastern Sichuan Basin, Southwest China.” Journal of Central South University, vol. 21, no. 8, Aug. 2014, pp. 3263–74. Springer Link, https://doi.org/10.1007/s11771-014-2299-3.",
Chen,Pei-yuan,"Tan, Xiu-cheng; Liu, Hong; Ma, Teng; Luo, Bing; Jiang, Xing-fu; Yu, Yang; Jin, Xiu-ju","NE Sichuan, China",31.75,107.5,,,,Triassic,Early,-,Feixianguan,Sichuan Basin,2014,10.1007/s11771-014-2299-3,"Formation mechanism of reservoir oolitic dolomite in Lower Triassic Feixianguan formation, northeastern Sichuan Basin, southwest China","Chen, Pei-yuan, et al. “Formation Mechanism of Reservoir Oolitic Dolomite in Lower Triassic Feixianguan Formation, Northeastern Sichuan Basin, Southwest China.” Journal of Central South University, vol. 21, no. 8, Aug. 2014, pp. 3263–74. Springer Link, https://doi.org/10.1007/s11771-014-2299-3.",
Chen,Pei-yuan,"Guo, Lina; Li, Chen; Tong, Yi",SW Iraq,32.563176,46.293076,,,,Cretaceous,Late,Cenomanian-Turonian,Mishrif Formation,Missan Oil Fields,2022,10.1007/s11707-020-0864-7,"Karstification characteristics of the Cenomanian–Turonian  Mishrif Formation in the Missan Oil Fields, southeastern Iraq,  and their effects on reservoirs","Chen, Peiyuan, et al. “Karstification Characteristics of the Cenomanian-Turonian Mishrif Formation in the Missan Oil Fields, Southeastern Iraq, and Their Effects on Reservoirs.” Frontiers of Earth Science, vol. 16, no. 2, June 2022, pp. 435–45. Springer Link, https://doi.org/10.1007/s11707-020-0864-7.",
Claussen,Anna Lene,"Munnecke, Axel; Ernst, Andrej","Hogklint, Sweden",57.600083,18.201583,,,,Silurian,Wenlock,Sheinwoodian,Hogklint Formation,Baltic Basin,2022,10.1111/sed.12863,Bryozoan-rich stromatolites (bryostromatolites) from the Silurian of Gotland and their relation to climate-related perturbations of the global carbon cycle,"Claussen, Anna Lene, et al. “Bryozoan-Rich Stromatolites (Bryostromatolites) from the Silurian of Gotland and Their Relation to Climate-Related Perturbations of the Global Carbon Cycle.” Sedimentology, vol. 69, no. 1, 2022, pp. 162–98. Wiley Online Library, https://doi.org/10.1111/sed.12863.",
Claussen,Anna Lene,"Munnecke, Axel; Ernst, Andrej","Nors Stenbrott, Sweden",57.919167,18.921944,,,,Silurian,Wenlock,Sheinwoodian,Tofta Formation,Baltic Basin,2022,10.1111/sed.12863,Bryozoan-rich stromatolites (bryostromatolites) from the Silurian of Gotland and their relation to climate-related perturbations of the global carbon cycle,"Claussen, Anna Lene, et al. “Bryozoan-Rich Stromatolites (Bryostromatolites) from the Silurian of Gotland and Their Relation to Climate-Related Perturbations of the Global Carbon Cycle.” Sedimentology, vol. 69, no. 1, 2022, pp. 162–98. Wiley Online Library, https://doi.org/10.1111/sed.12863.",
Claussen,Anna Lene,"Munnecke, Axel; Ernst, Andrej","Hallagrund, Sweden",57.925944,29.048944,,,,Silurian,Wenlock,Sheinwoodian,Hangvar Formation,Baltic Basin,2022,10.1111/sed.12863,Bryozoan-rich stromatolites (bryostromatolites) from the Silurian of Gotland and their relation to climate-related perturbations of the global carbon cycle,"Claussen, Anna Lene, et al. “Bryozoan-Rich Stromatolites (Bryostromatolites) from the Silurian of Gotland and Their Relation to Climate-Related Perturbations of the Global Carbon Cycle.” Sedimentology, vol. 69, no. 1, 2022, pp. 162–98. Wiley Online Library, https://doi.org/10.1111/sed.12863.",
Claussen,Anna Lene,"Munnecke, Axel; Ernst, Andrej","Nyan, Sweden",57.275889,18.706028,,,,Silurian,Ludlow,Ludfordian,Eke Formation,Baltic Basin,2022,10.1111/sed.12863,Bryozoan-rich stromatolites (bryostromatolites) from the Silurian of Gotland and their relation to climate-related perturbations of the global carbon cycle,"Claussen, Anna Lene, et al. “Bryozoan-Rich Stromatolites (Bryostromatolites) from the Silurian of Gotland and Their Relation to Climate-Related Perturbations of the Global Carbon Cycle.” Sedimentology, vol. 69, no. 1, 2022, pp. 162–98. Wiley Online Library, https://doi.org/10.1111/sed.12863.",
Claussen,Anna Lene,"Munnecke, Axel; Ernst, Andrej","Lau Backer, Sweden",57.287472,18.639028,,,,Silurian,Ludlow,Ludfordian,Eke Formation,Baltic Basin,2022,10.1111/sed.12863,Bryozoan-rich stromatolites (bryostromatolites) from the Silurian of Gotland and their relation to climate-related perturbations of the global carbon cycle,"Claussen, Anna Lene, et al. “Bryozoan-Rich Stromatolites (Bryostromatolites) from the Silurian of Gotland and Their Relation to Climate-Related Perturbations of the Global Carbon Cycle.” Sedimentology, vol. 69, no. 1, 2022, pp. 162–98. Wiley Online Library, https://doi.org/10.1111/sed.12863.",
Claussen,Anna Lene,"Munnecke, Axel; Ernst, Andrej","Bote 2, Sweden",57.257861,18.710944,,,,Silurian,Ludlow,Ludfordian,Eke Formation,Baltic Basin,2022,10.1111/sed.12863,Bryozoan-rich stromatolites (bryostromatolites) from the Silurian of Gotland and their relation to climate-related perturbations of the global carbon cycle,"Claussen, Anna Lene, et al. “Bryozoan-Rich Stromatolites (Bryostromatolites) from the Silurian of Gotland and Their Relation to Climate-Related Perturbations of the Global Carbon Cycle.” Sedimentology, vol. 69, no. 1, 2022, pp. 162–98. Wiley Online Library, https://doi.org/10.1111/sed.12863.",
Claussen,Anna Lene,"Munnecke, Axel; Ernst, Andrej","Botvide, Sweden",57.295806,18.651222,,,,Silurian,Ludlow,Ludfordian,Eke Formation,Baltic Basin,2022,10.1111/sed.12863,Bryozoan-rich stromatolites (bryostromatolites) from the Silurian of Gotland and their relation to climate-related perturbations of the global carbon cycle,"Claussen, Anna Lene, et al. “Bryozoan-Rich Stromatolites (Bryostromatolites) from the Silurian of Gotland and Their Relation to Climate-Related Perturbations of the Global Carbon Cycle.” Sedimentology, vol. 69, no. 1, 2022, pp. 162–98. Wiley Online Library, https://doi.org/10.1111/sed.12863.",
Claussen,Anna Lene,"Munnecke, Axel; Ernst, Andrej","Hallsarve 1, Sweden",57.288,18.645833,,,,Silurian,Ludlow,Ludfordian,Eke Formation,Baltic Basin,2022,10.1111/sed.12863,Bryozoan-rich stromatolites (bryostromatolites) from the Silurian of Gotland and their relation to climate-related perturbations of the global carbon cycle,"Claussen, Anna Lene, et al. “Bryozoan-Rich Stromatolites (Bryostromatolites) from the Silurian of Gotland and Their Relation to Climate-Related Perturbations of the Global Carbon Cycle.” Sedimentology, vol. 69, no. 1, 2022, pp. 162–98. Wiley Online Library, https://doi.org/10.1111/sed.12863.",
Claussen,Anna Lene,"Munnecke, Axel; Ernst, Andrej","Hallsarve 2, Sweden",57.281417,18.640111,,,,Silurian,Ludlow,Ludfordian,Eke Formation,Baltic Basin,2022,10.1111/sed.12863,Bryozoan-rich stromatolites (bryostromatolites) from the Silurian of Gotland and their relation to climate-related perturbations of the global carbon cycle,"Claussen, Anna Lene, et al. “Bryozoan-Rich Stromatolites (Bryostromatolites) from the Silurian of Gotland and Their Relation to Climate-Related Perturbations of the Global Carbon Cycle.” Sedimentology, vol. 69, no. 1, 2022, pp. 162–98. Wiley Online Library, https://doi.org/10.1111/sed.12863.",
Claussen,Anna Lene,"Munnecke, Axel; Ernst, Andrej","Hoburgen, Sweden",56.922361,18.128833,,,,Silurian,Ludlow,Ludfordian,Hamra Formation,Baltic Basin,2022,10.1111/sed.12863,Bryozoan-rich stromatolites (bryostromatolites) from the Silurian of Gotland and their relation to climate-related perturbations of the global carbon cycle,"Claussen, Anna Lene, et al. “Bryozoan-Rich Stromatolites (Bryostromatolites) from the Silurian of Gotland and Their Relation to Climate-Related Perturbations of the Global Carbon Cycle.” Sedimentology, vol. 69, no. 1, 2022, pp. 162–98. Wiley Online Library, https://doi.org/10.1111/sed.12863.",
Cossey,Patrick J.,"Mundy, David J.C.","Stebden Hill, England",54.049763,-1.974656,,,330.9-323.2,Carboniferous,Middle,-,Craven Reef Belt,Craven Basin,1990,10.1111/j.1502-3931.1990.tb01457.x,Tetrataxis: a loosely attached limpet‐like foraminifer from the Upper Palaeozoic,"Cossey, Patrick J., and David J. C. Mundy. “Tetrataxis: A Loosely Attached Limpet‐like Foraminifer from the Upper Palaeozoic.” Lethaia, vol. 23, no. 3, 1990, pp. 311–22, https://doi.org/10.1111/j.1502-3931.1990.tb01457.x.",
Courgeon,S,"Jorry, SJ; Jouet, G; Camoin, G; BouDagher-Fadel, MK; Bachelery, P; Caline, B; Boichard, R; Revillon, S; Thomas, Y; Thereau, E; Guerin, C","Mozambique Channel, Indian Ocean",-21.517452,39.716821,,,11.63-7.246,Neogene,Miocene,Tortonian,MOZ1-DR20-01 Atoll,Mozambique Channel,2017,10.1016/j.sedgeo.2017.04.008,Impact of tectonic and volcanism on the Neogene evolution of isolated carbonate platforms (SW Indian Ocean),"Courgeon, S., et al. “Impact of Tectonic and Volcanism on the Neogene Evolution of Isolated Carbonate Platforms (SW Indian Ocean).” Sedimentary Geology, vol. 355, June 2017, pp. 114–31. ScienceDirect, https://doi.org/10.1016/j.sedgeo.2017.04.008.",
Cozzi,Andrea,-,"Monte Pramaggiore, Italy",46.362538,12.558538,,,,Triassic,Late,Norian,Dolomia Principale,Carnian Prealps,2002,10.1007/bf02667711,"Facies patterns of a tectonically-controlled Upper Triassic platform-slope carbonate depositional system (Carnian Prealps, Northeastern Italy)","Cozzi, A. “Facies Patterns of a Tectonically-Controlled Upper Triassic Platform-Slope Carbonate Depositional System (Carnian Prealps, Northeastern Italy).” Facies, no. 47, 2002, pp. 151–78. Scopus, Scopus, https://doi.org/10.1007/bf02667711.",
Cvetko Tesovic,Blanka,"Gusic, Ivan; Jelaska, Vladimir; Buckovic, Damir","Island of Brač, Croatia",43.344338,16.737883,,,,Cretaceous,Late,Campanian,Pučišća Fmt,Island of Brač,2001,10.1006/cres.2001.0279,"Stratigraphy and microfacies of the Upper Cretaceous Pučišća Formation, Island of Brač, Croatia","Cvetko Tesovic;, Blanka, et al. “Stratigraphy and Microfacies of the Upper Cretaceous Pučišća Formation, Island of Brač, Croatia.” Cretaceous Research, vol. 22, no. 5, Oct. 2001, pp. 591–613. DOI.org (Crossref), https://doi.org/10.1006/cres.2001.0279.",
D'Alessandro,A,"Massari, F; Davaud, Eric; Ghibaudo, Guido","Salento, Italy",40.320543,18.142461,,,5-3.6,Neogene,Pliocene,Middle-Late,San Pietro in Lama Quarry,Novoli graben,2004,10.1016/j.sedgeo.2003.11.017,"Pliocene–Pleistocene sequences bounded by subaerial unconformities within foramol ramp calcarenites and mixed deposits (Salento, SE Italy)","D’Alessandro, A., et al. “Pliocene–Pleistocene Sequences Bounded by Subaerial Unconformities within Foramol Ramp Calcarenites and Mixed Deposits (Salento, SE Italy).” Sedimentary Geology, vol. 166, no. 1, Apr. 2004, pp. 89–144. ScienceDirect, https://doi.org/10.1016/j.sedgeo.2003.11.017.",
D'Argenio,B.,"Ferreri, V; Iorio, M; Raspini, A.; Tarling, D.H.","Monte Raggeto, Italy",41.158732,14.253794,,,,Cretaceous,Early,Barremian,Monte Raggeto,Southern Apennines,1999,10.1144/GSL.SP.1999.151.01.15,"Diagenesis and remanence acquisition in the Cretaceous carbonate sediments of Monte Raggeto, southern Italy","D’Argenio, B., et al. “Diagenesis and Remanence Acquisition in the Cretaceous Carbonate Sediments of Monte Raggeto, Southern Italy.” Geological Society, London, Special Publications, vol. 151, no. 1, Jan. 1999, pp. 147–56. DOI.org (Crossref), https://doi.org/10.1144/GSL.SP.1999.151.01.15.",
Dawson,William C.,"Carozzi, Albert V","Iola, Kansas",37.911853,-95.355601,,,,Carboniferous,Late,Kasimovian-Gzhelian,Iola Formation,-,1986,10.1016/0037-0738(86)90085-0,"Anatomy of a phylloid algal buildup, Raytown Limestone, Iola Formation, Pennsylvanian, Southeast Kansas, U.S.A.","Dawson, William C., and Albert V. Carozzi. “Anatomy of a Phylloid Algal Buildup, Raytown Limestone, Iola Formation, Pennsylvanian, Southeast Kansas, U.S.A.” Sedimentary Geology, vol. 47, no. 3, May 1986, pp. 221–61. ScienceDirect, https://doi.org/10.1016/0037-0738(86)90085-0.",
Dickson,J.A.D,"Saller, A.H.","Reinecke Resrvoir, Texas",32.768887,-100.267239,,,299-284.4,Permian,Cisuralian,Wolfcampian,Horseshoe Atoll,Permian Basin,2006,10.2110/jsr.2006.043,"Carbon Isotope Excursions and Crinoid Dissolution at Exposure Surfaces in Carbonates, West Texas, U.S.A.","Dickson, J. A. D., and A. H. Saller. “Carbon Isotope Excursions and Crinoid Dissolution at Exposure Surfaces in Carbonates, West Texas, U.S.A.” Journal of Sedimentary Research, vol. 76, no. 3, Mar. 2006, pp. 404–10. DOI.org (Crossref), https://doi.org/10.2110/jsr.2006.043.",
Dunham,Robert J.,-,"Lea County, New Mexico",32.811004,-103.615709,,,299-284.4,Permian,Cisuralian,Wolfcampian,Townsend Mound,-,1969,10.2110/pec.69.03.0139,"Early Vadose Silt in Townsend Mound (Reef), New Mexico","Dunham, Robert J. “Early Vadose Silt in Townsend Mound (Reef), New Mexico.” Depositional Environments in Carbonate Rocks, vol. 14, SEPM Society for Sedimentary Geology, 1969, p. 0. Silverchair, https://doi.org/10.2110/pec.69.03.0139.",
Elchmuller,Klaus,-,"Las Majadas, Spain",40.283421,-2.003648,,,330.9-323.2,Carboniferous,Middle,-,Valdeteja Fmt,Cantabrian Mountains,1985,10.1007/BF02536901,"Die Valdeteja Formation: Aufbau und Geschichte einer oberkarbonischen Karbonatplattform (Kantabrisches Gebirge, Nordspanien)","Elchmüller, Klaus. “Die Valdeteja Formation: Aufbau Und Geschichte Einer Oberkarbonischen Karbonatplattform (Kantabrisches Gebirge, Nordspanien).” Facies, vol. 13, no. 1, 1985, pp. 45–153. Scopus, Scopus, https://doi.org/10.1007/BF02536901.",
Faure,J.L.,"Megard-Galli, J.","Briançon, France",44.901694,6.644533,,,,Jurassic,Early-Middle,Hettangian-Bathonian,Brianconnais Region,Western Alps,1988,10.2113/gssgfbull.IV.4.681,L'emersion jurassique en Brianconnais: sedimentation continentale et fracturation distensive,"Faure, J. L., and J. Megard-Galli. “L’emersion Jurassique En Brianconnais: Sedimentation Continentale et Fracturation Distensive.” Bulletin-Societe Geologique de France, vol. 4, no. 4, 1988, pp. 681–92. Scopus, Scopus, https://doi.org/10.2113/gssgfbull.IV.4.681.",
Freytet,Pierre,"Broutin, Jean; Durand, Marc","Massif-Central, France",45.478537,4.376265,,,307.5-299,Carboniferous,Late,Stephanian,Saint-Priest-en-Jarez Fmt,Saint-Etienne Basin,2000,10.1016/S0753-3969(01)80001-X,"Distribution and palaeoecology of freshwater algae and stromatolites: III, some new forms from the Carboniferous, Permian and Triassic of France and Spain","Freytet, Pierre, et al. “Distribution and Palaeoecology of Freshwater Algae and Stromatolites: III, Some New Forms from the Carboniferous, Permian and Triassic of France and Spain.” Annales de Paléontologie, vol. 86, no. 4, Oct. 2000, pp. 195–241. DOI.org (Crossref), https://doi.org/10.1016/S0753-3969(01)80001-X.",
Freytet,Pierre,"Broutin, Jean; Durand, Marc","Meillers, France",46.510496,3.103313,,,299-275.6,Permian,Early,Autunian,Quartzites' de Meillers,Bourbon-l'Archambault Basin,2000,10.1016/S0753-3969(01)80001-X,"Distribution and palaeoecology of freshwater algae and stromatolites: III, some new forms from the Carboniferous, Permian and Triassic of France and Spain","Freytet, Pierre, et al. “Distribution and Palaeoecology of Freshwater Algae and Stromatolites: III, Some New Forms from the Carboniferous, Permian and Triassic of France and Spain.” Annales de Paléontologie, vol. 86, no. 4, Oct. 2000, pp. 195–241. DOI.org (Crossref), https://doi.org/10.1016/S0753-3969(01)80001-X.",
Frykman,Peter,-,"Klinteberget, Sweden",57.380812,18.237587,,,,Silurian,Llandovery-Ludlow,-,Klinteberg Beds,-,1985,10.1080/11035898509452618,"Subbaerial exposure and cement stratigraphy of a Silurian bioherm in the Klinteberg Beds, Gotland, Sweden","Frykman, Peter. “Subaerial Exposure and Cement Stratigraphy of a Silurian Bioherm in the Klinteberg Beds, Gotland, Sweden.” Geologiska Föreningen i Stockholm Förhandlingar, vol. 107, no. 1, Mar. 1985, pp. 77–88. DOI.org (Crossref), https://doi.org/10.1080/11035898509452618.",
Fu,Mei-Yan,"Song, Rong-Cai; Jon, Gluyas; Zhang, Shao-Nan; Huang, Qian","Bachu-Makit, China",38.854555,76.307887,,,323.2-298.9,Carboniferous,Late,-,Xiaohaizi Fmt,Tarim Basin,2019,10.1016/j.petrol.2019.03.011,Diagenesis and reservoir quality of carbonates rocks and mixed siliciclastic as response of the Late Carboniferous glacio-eustatic fluctuation: A case study of Xiaohaizi Formation in western Tarim Basin,"Fu, Mei-Yan, et al. “Diagenesis and Reservoir Quality of Carbonates Rocks and Mixed Siliciclastic as Response of the Late Carboniferous Glacio-Eustatic Fluctuation: A Case Study of Xiaohaizi Formation in Western Tarim Basin.” Journal of Petroleum Science and Engineering, vol. 177, June 2019, pp. 1024–41. ScienceDirect, https://doi.org/10.1016/j.petrol.2019.03.011.",
Fu,Mei-Yan,"Song, Rong-Cai; Jon, Gluyas; Zhang, Shao-Nan; Huang, Qian","Bachu-Makit, China",38.640346,76.187038,,,323.2-298.9,Carboniferous,Late,-,Xiaohaizi Fmt,Tarim Basin,2019,10.1016/j.petrol.2019.03.011,Diagenesis and reservoir quality of carbonates rocks and mixed siliciclastic as response of the Late Carboniferous glacio-eustatic fluctuation: A case study of Xiaohaizi Formation in western Tarim Basin,"Fu, Mei-Yan, et al. “Diagenesis and Reservoir Quality of Carbonates Rocks and Mixed Siliciclastic as Response of the Late Carboniferous Glacio-Eustatic Fluctuation: A Case Study of Xiaohaizi Formation in Western Tarim Basin.” Journal of Petroleum Science and Engineering, vol. 177, June 2019, pp. 1024–41. ScienceDirect, https://doi.org/10.1016/j.petrol.2019.03.011.",
Fu,Qilong,"Qing, Hairou; Bergman, Katherine M.","Saskatchewan, Canada",53.203116,-106.05695,,,393.3-392.7,Devonian,Middle,-,Winnipegosis mud mounds,Elk Point Basin,2006,10.2113/54.1.22,"Paleokarst in Middle Devonian Winnipegosis mud mounds, subsurface of south-central Saskatchewan, Canada","Fu, Q., et al. “Paleokarst in Middle Devonian Winnipegosis Mud Mounds, Subsurface of South-Central Saskatchewan, Canada.” Bulletin of Canadian Petroleum Geology, vol. 54, no. 1, Mar. 2006, pp. 22–36. DOI.org (Crossref), https://doi.org/10.2113/54.1.22.",
Gale,Luka,"Peybernes, Camille; Celarc, Bogomir; Hocevar, Manca; Selih, Vid Simon; Martini, Rossana","Lesno Brdo, Slovenia",46.0116,14.326788,,,237-227.3,Triassic,Late,Carnian,-,-,2018,10.1007/s10347-018-0531-6,"Biotic composition and microfacies distribution of Upper Triassic build‐ups: new insights from the Lower Carnian limestone of Lesno Brdo, central Slovenia","Gale, Luka, et al. “Biotic Composition and Microfacies Distribution of Upper Triassic Build-Ups: New Insights from the Lower Carnian Limestone of Lesno Brdo, Central Slovenia.” Facies, vol. 64, no. 3, May 2018, p. 17. Springer Link, https://doi.org/10.1007/s10347-018-0531-6.",
Gąsiewicz,Andrzej,-,"Staszow, Poland",50.505386,21.128208,,,,Neogene,Miocene,-,-,Carpathian Foredeep,2000,10.1016/S0009-2541(99)00146-1,Comparative study of major element geochemistry of gypsum-ghost limestones and selenite lithofacies from the Miocene of northern Carpathian Foredeep: implication to the model of massive replacement of solid sulphates by calcium carbonates,"Gąsiewicz, Andrzej. “Comparative Study of Major Element Geochemistry of Gypsum-Ghost Limestones and Selenite Lithofacies from the Miocene of Northern Carpathian Foredeep: Implication to the Model of Massive Replacement of Solid Sulphates by Calcium Carbonates.” Chemical Geology, vol. 164, no. 3–4, Mar. 2000, pp. 183–218. DOI.org (Crossref), https://doi.org/10.1016/S0009-2541(99)00146-1.",
Gómez-Pérez,Irene,", Pedro A; García-Mondéjar, J.","Bilbao, Spain",43.039228,-3.002794,,,,Cretaceous,Early,Aptian-Albian,-,Albian Gorbea platform,1998,-,"Platform margin palaeokarst development from the Albian of Gorbea (Basque-Cantabrian region, N Iberia)","Gómez-Pérez, Irene, et al. “Platform Margin Palaeokarst Development from the Albian of Gorbea (Basque-Cantabrian Region, N Iberia).” Acta Geologica Hungarica, vol. 41, no. 1, 1998, pp. 3–22.",
Gradziński,Michal,"Duliński, M; Hercman, H; Górny, A; Przybyszowski, S ","Klęczany, Poland",49.673626,20.630779,,,,Paleogene,Oligocene,-,Fore-Magura Group,Polish Carpathians,2012,10.7306/gq.1051,Peculiar calcite speleothems filling fissures in calcareous sandstones  and their palaeohydrological and palaeoclimatic significance:  an example from the Polish Carpathians,"Gradziński, M., et al. “Peculiar Calcite Speleothems Filling Fissures in Calcareous Sandstones and Their Palaeohydrological and Palaeoclimatic Significance: An Example from the Polish Carpathians.” Geological Quarterly, vol. 56, no. 4, 2012, pp. 711–32. Scopus, Scopus, https://doi.org/10.7306/gq.1051.",
Grover Jr,George,"Read, J.F.","SW Virginia, USA",37.389001,-80.29303,,,,Ordovician,Middle,-,New Market Limestone,-,1978,10.1306/212F74AA-2B24-11D7-8648000102C1865D,"Fenestral and associated vadose diagenetic fabrics of tidal flat carbonates, Middle Ordovician New Market Limestone, southwestern Virginia","Grover, G., and J. F. Read. “Fenestral and Associated Vadose Diagenetic Fabrics of Tidal Flat Carbonates, Middle Ordovician New Market Limestone, Southwestern Virginia.” Journal of Sedimentary Research, vol. 48, no. 2, June 1978, pp. 453–73. Silverchair, https://doi.org/10.1306/212F74AA-2B24-11D7-8648000102C1865D.",
Hathaway,B,-,"Viti Levu, Fiji",-17.982828,177.443454,,,,Neogene,Miocene,Early-Middle,-,Viti Levu,1995,10.1016/0037-0738(94)00086-A,"Deposition and diagenesis of Miocene arc-fringing platform and debris-apron carbonates, southwestern Viti Levu, Fiji","Hathway, B. “Deposition and Diagenesis of Miocene Arc-Fringing Platform and Debris-Apron Carbonates, Southwestern Viti Levu, Fiji.” Sedimentary Geology, vol. 94, no. 3–4, Jan. 1995, pp. 187–208. DOI.org (Crossref), https://doi.org/10.1016/0037-0738(94)00086-A.",
He,Gang,"Lu, Tao; Lei, Bian-Jun; Lan, Yi-Fei","Jingbian, China",37.484655,108.711118,,,,Ordovician,Early,-,majiagou formation,Jingbian Gas Field,2011,10.3863/j.issn.1674-5086.2011.03.003,Diagenesis and porosity evolution of the reservoir of Ma51-2 submember of eastern Jingbian gas field,"He, G., et al. “Diagenesis and Porosity Evolution of the Reservoir of Ma51-2 Submember of Eastern Jingbian Gas Field.” Xinan Shiyou Daxue Xuebao/Journal of Southwest Petroleum University, vol. 33, no. 3, 2011, pp. 18–26. Scopus, Scopus, https://doi.org/10.3863/j.issn.1674-5086.2011.03.003.",
Heckel,Philip H.,-,"SE Kansas, USA",37.469415,-95.507084,,,307.5-299,Carboniferous,Late,Stephanian,Stanton Limestone,-,1972,10.1007/BF01896336,"Pennsylvanian stratigraphic reefs in Kansas, some modern comparisons and implications","Heckel, P. H. “Pennsylvanian Stratigraphic Reefs in Kansas, Some Modern Comparisons and Implications.” Geologische Rundschau, vol. 61, no. 2, 1972, pp. 584–98. Scopus, Scopus, https://doi.org/10.1007/BF01896336.",
Jiménez de Cisneros,C,"Molina, J.M.; Nieto, L.M.; Ruiz-Ortiz, P.A.; Vera, J.A.","Marroqui hill, Spain",39.348094,-4.475013,,,,Jurassic,Early,-,Subbetic,Jaen province,1993,10.1016/0037-0738(93)90033-2,"Calcretes from a palaeosinkhole in jurassic palaeokarst (subbetic, southern Spain)","Jiménez de Cisneros, C., et al. “Calcretes from a Palaeosinkhole in Jurassic Palaeokarst (Subbetic, Southern Spain).” Sedimentary Geology, vol. 87, no. 1, Sept. 1993, pp. 13–24. ScienceDirect, https://doi.org/10.1016/0037-0738(93)90033-2.",
Juhász,E,"Korpás, L; Balog, A.","Naszaly Hill, Hungary",47.834374,19.153887,,,,Triassic,Late,-,Dachstein Limestone,Naszaly Hill,1995,10.1111/j.1365-3091.1995.tb00385.x,"Two hundred million years of karst history, Dachstein Limestone, Hungary","Juhász, E., et al. “Two Hundred Million Years of Karst History, Dachstein Limestone, Hungary.” Sedimentology, vol. 42, no. 3, 1995, pp. 473–89. Wiley Online Library, https://doi.org/10.1111/j.1365-3091.1995.tb00385.x.",
Kirmaci,M. Ziya,"Koch, Roman; Bucur, Joan I","Kale, Turkey",40.352978,39.560423,,,,Cretaceous,Early,Aptian,Berdiga Limestone,Kale Area,1996,10.1007/bf02546154,"An early cretaceous section in the Kircaova area (Berdiga limestone, NE-Turkey) and its correlation with platform carbonates in W-Slovenia","Kirmaci, M. Z., et al. “An Early Cretaceous Section in the Kircaova Area (Berdiga Limestone, NE-Turkey) and Its Correlation with Platform Carbonates in W-Slovenia.” Facies, no. 34, 1996, pp. 1–18. Scopus, Scopus, https://doi.org/10.1007/bf02546154.",
Koch,Roman,-,"Kozina, Slovenia",45.603029,13.927325,,,,Cretaceous,Late,-,-,-,1988,-,Diagenetic features of limestones from the Cretaceous/Tertiary boundary of SW Slovenia (Yugoslavia),"Koch, Roman. “Diagenetic Features of Limestones from the Cretaceous/Tertiary Boundary of SW Slovenia (Yugoslavia).” Geologija, vol. 31, no. 1, 1, June 1988, pp. 395–401.",
Koch,Roman,-,"Kozina, Slovenia",45.603029,13.927325,,,66-61.6,Paleogene,Paleocene,Early,Kozina Beds,-,1988,-,Diagenetic features of limestones from the Cretaceous/Tertiary boundary of SW Slovenia (Yugoslavia),"Koch, Roman. “Diagenetic Features of Limestones from the Cretaceous/Tertiary Boundary of SW Slovenia (Yugoslavia).” Geologija, vol. 31, no. 1, 1, June 1988, pp. 395–401.",
Koch,Roman,-,"Materija, Slovenia",45.584699,14.009555,,,,Cretaceous,Late,-,-,-,1988,-,Diagenetic features of limestones from the Cretaceous/Tertiary boundary of SW Slovenia (Yugoslavia),"Koch, Roman. “Diagenetic Features of Limestones from the Cretaceous/Tertiary Boundary of SW Slovenia (Yugoslavia).” Geologija, vol. 31, no. 1, 1, June 1988, pp. 395–401.",
Koch,Roman,-,"Materija, Slovenia",45.584699,14.009555,,,66-61.6,Paleogene,Paleocene,Early,Kozina Beds,-,1988,-,Diagenetic features of limestones from the Cretaceous/Tertiary boundary of SW Slovenia (Yugoslavia),"Koch, Roman. “Diagenetic Features of Limestones from the Cretaceous/Tertiary Boundary of SW Slovenia (Yugoslavia).” Geologija, vol. 31, no. 1, 1, June 1988, pp. 395–401.",
Koch,Roman,-,"Slivje, Slovenia",45.570799,14.032115,,,,Cretaceous,Late,-,-,-,1988,-,Diagenetic features of limestones from the Cretaceous/Tertiary boundary of SW Slovenia (Yugoslavia),"Koch, Roman. “Diagenetic Features of Limestones from the Cretaceous/Tertiary Boundary of SW Slovenia (Yugoslavia).” Geologija, vol. 31, no. 1, 1, June 1988, pp. 395–401.",
Koch,Roman,-,"Slivje, Slovenia",45.570799,14.032115,,,66-61.6,Paleogene,Paleocene,Early,Kozina Beds,-,1988,-,Diagenetic features of limestones from the Cretaceous/Tertiary boundary of SW Slovenia (Yugoslavia),"Koch, Roman. “Diagenetic Features of Limestones from the Cretaceous/Tertiary Boundary of SW Slovenia (Yugoslavia).” Geologija, vol. 31, no. 1, 1, June 1988, pp. 395–401.",
Kuss,Jochen,-,"Salzburg, Austria",47.742648,13.02913,,,,Triassic,Late,-,Kössen Beds,-,1983,10.1007/BF02536659,"Faziesentwicklung in proximalen Intraplattform-Becken: Sedimentation, Palökologie und Geochemie der Kössener Schichten (Ober-Trias, Nördliche Kalkalpen)","Kuss, J. “Faziesentwicklung in Proximalen Intraplattform-Becken: Sedimentation, Palökologie Und Geochemie Der Kössener Schichten (Ober-Trias, Nördliche Kalkalpen).” Facies, vol. 9, no. 1, 1983, pp. 61–171. Scopus, Scopus, https://doi.org/10.1007/BF02536659.",
Li,Minglong,"Tan, Xiucheng; Luo, Bing; Zhang, Ya; Su, Chengpeng; Xiao, Di; Zhong, Yuan","Guangyuon, China",32.083169,106.083632,,,290.1-264.28,Permian,Middle,-,Qixia Formation,Sichuan Basin,2020,10.3969/j.issn.1672-7703.2020.03.007,四川盆地西北部中二叠统栖霞组相控早期高频暴露岩溶特征及启示,"Li, M., et al. “四川盆地西北部中二叠统栖霞组相控早期高频暴露岩溶特征及启示.” China Petroleum Exploration, vol. 25, no. 3, 2020, pp. 66–82. Scopus, Scopus, https://doi.org/10.3969/j.issn.1672-7703.2020.03.007.",
Lu,Feifan,"Tan, Xiucheng; Zhong, Yuan; Luo, Bing; Zhang, Benjian; Zhang, Ya; Li, Minglong; Xiao, Di; Wang, Xiaofang; Zeng, Wei",Hejialiang,32.742496,105.548729,,,298.9-290.1,Permian,Early,-,Qixia Formation,Sichuan Basin,2020,10.1016/S1876-3804(20)60131-3,"Origin of the penecontemporaneous sucrosic dolomite in the Permian Qixia Formation, northwestern Sichuan Basin, SW China","Lu, Feifan, et al. “Origin of the Penecontemporaneous Sucrosic Dolomite in the Permian Qixia Formation, Northwestern Sichuan Basin, SW China.” Petroleum Exploration and Development, vol. 47, no. 6, Dec. 2020, pp. 1218–34. ScienceDirect, https://doi.org/10.1016/S1876-3804(20)60131-3.",
Lu,Feifan,"Tan, Xiucheng; Zhong, Yuan; Luo, Bing; Zhang, Benjian; Zhang, Ya; Li, Minglong; Xiao, Di; Wang, Xiaofang; Zeng, Wei","Jiangyou, China",32.047474,105.10775,,,298.9-290.1,Permian,Early,-,Qixia Formation,Sichuan Basin,2020,10.1016/S1876-3804(20)60131-3,"Origin of the penecontemporaneous sucrosic dolomite in the Permian Qixia Formation, northwestern Sichuan Basin, SW China","Lu, Feifan, et al. “Origin of the Penecontemporaneous Sucrosic Dolomite in the Permian Qixia Formation, Northwestern Sichuan Basin, SW China.” Petroleum Exploration and Development, vol. 47, no. 6, Dec. 2020, pp. 1218–34. ScienceDirect, https://doi.org/10.1016/S1876-3804(20)60131-3.",
MacNeil,Alex J.,"Jones, Brian","NW territories, Canada",60.369183,-116.375827,,,,Devonian,Late,-,Alexandra Formation,-,2006,10.2110/jsr.2006.028,Palustrine Deposits on a Late Devonian Coastal Plain--Sedimentary Attributes and Implications for Concepts of Carbonate Sequence Stratigraphy,"MacNeil, A. J., and B. Jones. “Palustrine Deposits on a Late Devonian Coastal Plain--Sedimentary Attributes and Implications for Concepts of Carbonate Sequence Stratigraphy.” Journal of Sedimentary Research, vol. 76, no. 2, Feb. 2006, pp. 292–309. DOI.org (Crossref), https://doi.org/10.2110/jsr.2006.028.",
Martin-Chivelet,Javier,"Gimenez, Rocio","Albacete, Spain",38.562589,-1.497917,,,,Cretaceous,Late,Coniacian-Campanian,Sierra de Utiel Fmt,Campanian Megasequence,1992,10.1016/0037-0738(92)90060-5,"Palaeosols in microtidal carbonate sequences, Sierra de Utiel Formation, Upper Cretaceous, SE Spain","Martín-Chivelet, Javier, and Rocío Giménez. “Palaeosols in Microtidal Carbonate Sequences, Sierra de Utiel Formation, Upper Cretaceous, SE Spain.” Sedimentary Geology, vol. 81, no. 1–2, Nov. 1992, pp. 125–45. DOI.org (Crossref), https://doi.org/10.1016/0037-0738(92)90060-5.",
Masse,J.P.,"Fenerci, M; Pernarcic, E","Marseille, France",43.281548,5.34867,,,,Cretaceous,Early,Barremian,Urgonian,Marseille Regions,2003,10.1016/S0031-0182(03)00445-0,"Palaeobathymetric reconstruction of peritidal carbonates Late Barremian, Urgonian, sequences of Provence (SE France)","Masse, J., et al. “Palaeobathymetric Reconstruction of Peritidal carbonatesLate Barremian, Urgonian, Sequences of Provence (SE France).” Palaeogeography, Palaeoclimatology, Palaeoecology, vol. 200, no. 1–4, Nov. 2003, pp. 65–81. DOI.org (Crossref), https://doi.org/10.1016/S0031-0182(03)00445-0.",
Matyszkiewicz,J,"Felisiak, I","Mydlniki, Poland",50.083333,19.85,,,,Jurassic,Late,Oxfordian,-,-,1992,10.1007/BF02536811,"Microfacies and diagenesis of an upper oxfordian carbonate buildup in Mydlniki (Cracow Area, Southern Poland)","Matyszkiewicz, Jacek, and Ireneusz Felisiak. “Microfacies and Diagenesis of an Upper Oxfordian Carbonate Buildup in Mydlniki (Cracow Area, Southern Poland).” Facies, vol. 27, no. 1, Dec. 1992, pp. 179–89. Springer Link, https://doi.org/10.1007/BF02536811.",
Mayall,M.J.,"Cox, M","Sulawesi, Indonesia",-4.502333,120.0077,,,,Neogene,Miocene,Late,Tacipi Formation,Senkang Basin,1988,10.1016/0037-0738(88)90100-5,"Deposition and diagenesis of Miocene limestones, Senkang Basin, Sulawesi, Indonesia","Mayall, M. J., and M. Cox. “Deposition and Diagenesis of Miocene Limestones, Senkang Basin, Sulawesi, Indonesia.” Sedimentary Geology, vol. 59, no. 1–2, Sept. 1988, pp. 77–92. DOI.org (Crossref), https://doi.org/10.1016/0037-0738(88)90100-5.",
Morris,B,"Mazzullo, Salvatore J.","Cherokee Nation, USA",36.524984,-94.667115,,,,Carboniferous,Early,Tournaisian,Compton Fmt,-,2011,-,"Sedimentology and Diagenesis of Mississippian (Kinderhookian and Osagean: Tournaisian and Visean) Reefs in Southwest Missouri, Northwest Arkansas, and Northeast Oklahoma","Morris, Beau T., and Salvatore J. Mazzullo. “Sedimentology and Diagenesis of Mississippian (Kinderhookian and Osagean: Tournaisian and Visean) Reefs in Southwest Missouri, Northwest Arkansas, and Northeast Oklahoma.” 7th Annual GRASP Symposium, vol. 7, 2011.",
Moussavian,Esmail,-,"Worschachberg, Austria",47.560048,14.174196,,,56-47.8,Paleogene,Eocene,Early,-,Northern Alps,1984,10.1007/BF02536688,"Die Gosau- und Alttertiär-Gerölle der Angerberg-Schichten (Höheres Oligozän, Unterinntal, Nördliche Kalkalpen)","Moussavian, Esmail. “Die Gosau- Und Alttertiär-Gerölle Der Angerberg-Schichten (Höheres Oligozän, Unterinntal, Nördliche Kalkalpen).” Facies, vol. 10, no. 1, 1984, pp. 1–85, https://doi.org/10.1007/BF02536688.",
Moussavian,Esmail,-,"Kossen, Austria",47.640862,12.349201,,,59.2-56,Paleogene,Paleocene,Thanecian,Angerberg Beds,Northern Alps,1984,10.1007/BF02536688,"Die Gosau- und Alttertiär-Gerölle der Angerberg-Schichten (Höheres Oligozän, Unterinntal, Nördliche Kalkalpen)","Moussavian, Esmail. “Die Gosau- Und Alttertiär-Gerölle Der Angerberg-Schichten (Höheres Oligozän, Unterinntal, Nördliche Kalkalpen).” Facies, vol. 10, no. 1, 1984, pp. 1–85, https://doi.org/10.1007/BF02536688.",
Moussavian,Esmail,-,"Rattenberg, Austria",47.471295,11.903907,,,59.2-56,Paleogene,Paleocene,Thanecian,Angerberg Beds,Northern Alps,1984,10.1007/BF02536688,"Die Gosau- und Alttertiär-Gerölle der Angerberg-Schichten (Höheres Oligozän, Unterinntal, Nördliche Kalkalpen)","Moussavian, Esmail. “Die Gosau- Und Alttertiär-Gerölle Der Angerberg-Schichten (Höheres Oligozän, Unterinntal, Nördliche Kalkalpen).” Facies, vol. 10, no. 1, 1984, pp. 1–85, https://doi.org/10.1007/BF02536688.",
Moussavian,Esmail,-,"Kossen, Austria",47.640638,12.355522,,,59.2-56,Paleogene,Paleocene,Thanecian,Angerberg Beds,Northern Alps,1984,10.1007/BF02536688,"Die Gosau- und Alttertiär-Gerölle der Angerberg-Schichten (Höheres Oligozän, Unterinntal, Nördliche Kalkalpen)","Moussavian, Esmail. “Die Gosau- Und Alttertiär-Gerölle Der Angerberg-Schichten (Höheres Oligozän, Unterinntal, Nördliche Kalkalpen).” Facies, vol. 10, no. 1, 1984, pp. 1–85, https://doi.org/10.1007/BF02536688.",
Moussavian,Esmail,-,"Rattenberg, Austria",47.471295,11.903907,,,59.2-56,Paleogene,Paleocene,Thanecian,Angerberg Beds,Northern Alps,1984,10.1007/BF02536688,"Die Gosau- und Alttertiär-Gerölle der Angerberg-Schichten (Höheres Oligozän, Unterinntal, Nördliche Kalkalpen)","Moussavian, Esmail. “Die Gosau- Und Alttertiär-Gerölle Der Angerberg-Schichten (Höheres Oligozän, Unterinntal, Nördliche Kalkalpen).” Facies, vol. 10, no. 1, 1984, pp. 1–85, https://doi.org/10.1007/BF02536688.",
Nakazawa,Tsutomu,"Ueno, Katsumi","Yamaguchi, Japan",34.269611,131.312583,,,,Permian,Guadalupian,-,Akiyoshi Limestone,Akiyoshi accretionary complex,2004,10.1007/s10347-004-0012-y,"Sequence boundary and related sedimentary and diagenetic facies formed on Middle Permian mid-oceanic carbonate platform: Core observation of Akiyoshi Limestone, Southwest Japan","Nakazawa, T., and K. Ueno. “Sequence Boundary and Related Sedimentary and Diagenetic Facies Formed on Middle Permian Mid-Oceanic Carbonate Platform: Core Observation of Akiyoshi Limestone, Southwest Japan.” Facies, vol. 50, no. 2, 2004, pp. 301–11. Scopus, Scopus, https://doi.org/10.1007/s10347-004-0012-y.",
Nakazawa,Tsutomu,"Ueno, Katsumi; Kawahata, Hodaka; Fujikawa, Masayuki; Kashiwagi, Kenji ","Yamaguchi, Japan",34.268778,131.314028,,,,Permian,Guadalupian,-,Akiyoshi Limestone,Akiyoshi accretionary complex,2009,10.1016/j.sedgeo.2008.12.003,"Facies stacking patterns in high-frequency sequences influenced by long-term sea-level change on a Permian Panthalassan oceanic atoll: An example from the Akiyoshi Limestone, SW Japan","Nakazawa, Tsutomu, et al. “Facies Stacking Patterns in High-Frequency Sequences Influenced by Long-Term Sea-Level Change on a Permian Panthalassan Oceanic Atoll: An Example from the Akiyoshi Limestone, SW Japan.” Sedimentary Geology, vol. 214, no. 1–4, Feb. 2009, pp. 35–48. DOI.org (Crossref), https://doi.org/10.1016/j.sedgeo.2008.12.003.",
Nakazawa,Tsutomu,"Ueno, Katsumi; Kawahata, Hodaka; Fujikawa, Masayuki","Managatake, Japan",34.26414,131.321946,,,,Carboniferous,Late,Gzhelian,Akiyoshi limestones,Akiyoshi accretionary complex,2011,10.1016/j.palaeo.2011.07.028,"Gzhelian–Asselian <i>Palaeoaplysina</i>–microencruster reef community in the Taishaku and Akiyoshi limestones, SW Japan","Nakazawa, Tsutomu, et al. “Gzhelian–Asselian Palaeoaplysina–Microencruster Reef Community in the Taishaku and Akiyoshi Limestones, SW Japan: Implications for Late Paleozoic Reef Evolution on Mid-Panthalassan Atolls.” Palaeogeography, Palaeoclimatology, Palaeoecology, vol. 310, no. 3, Oct. 2011, pp. 378–92. ScienceDirect, https://doi.org/10.1016/j.palaeo.2011.07.028.",
Nakazawa,Tsutomu,"Ueno, Katsumi; Nonomura, Nami; Fujikawa, Masayuki","Managatake, Japan",34.26414,131.321946,,,290.1-283.5,Permian,Cisuralian,Artkinskian,Akiyoshi limestones,Akiyoshi accretionary complex,2015,10.1016/j.palaeo.2014.12.015,"Microbial Community from the Lower Permian (Artinskian–Kungurian) Paleoclimatic Transition, Mid-Panthalassan Akiyoshi Atoll, Japan","Nakazawa, Tsutomu, et al. “Microbial Community from the Lower Permian (Artinskian–Kungurian) Paleoclimatic Transition, Mid-Panthalassan Akiyoshi Atoll, Japan.” Palaeogeography, Palaeoclimatology, Palaeoecology, vol. 420, Feb. 2015, pp. 116–27. DOI.org (Crossref), https://doi.org/10.1016/j.palaeo.2014.12.015.",
Nakazawa,Tsutomu,"Ueno, Katsumi; Wang, Xiangdong","Yunnan, China",23.323722,99.322889,,,268-264.5,Permian,Guadalupian,Murgabian,Yutangzhai section,Changning–Menglian Belt,2009,10.1111/j.1440-1738.2008.00650.x,"Sedimentary facies of Carboniferous–Permian mid-oceanic carbonates in the Changning–Menglian Belt, West Yunnan, Southwest China: Origin and depositional process","Nakazawa, Tsutomu, et al. “Sedimentary Facies of Carboniferous–Permian Mid-Oceanic Carbonates in the Changning–Menglian Belt, West Yunnan, Southwest China: Origin and Depositional Process.” Island Arc, vol. 18, no. 1, 2009, pp. 94–107. Wiley Online Library, https://doi.org/10.1111/j.1440-1738.2008.00650.x.",
Norlund,Ulf,-,"Hälludden, Öland, Sweden",57.351002,17.036368,,,,Ordovician,Early,-,Limestone,-,1989,10.1080/11035898909454760,"Lithostratigraphy and sedimentology of a Lower Ordovician limestone sequence at Hälludden, Öland, Sweden","Nordlund, Ulf. “Lithostratigraphy and Sedimentology of a Lower Ordovician Limestone Sequence at Hälludden, Öland, Sweden.” Geologiska Föreningen i Stockholm Förhandlingar, vol. 111, no. 1, Mar. 1989, pp. 65–94. DOI.org (Crossref), https://doi.org/10.1080/11035898909454760.",
Onoue,T,"Stanley Jr, G.D.","Kumamoto, Japan",32.281118,130.609099,,,,Triassic,Late,Norian,Sambosan accretionary complex,Panthalassa Ocean,2008,10.1007/s10347-008-0148-2,Sedimentary facies from Upper Triassic reefal limestone of the Sambosan accretionary complex in Japan: mid-ocean patch reef development in the Panthalassa Ocean,"Onoue, T., and G. D. Stanley Jr. “Sedimentary Facies from Upper Triassic Reefal Limestone of the Sambosan Accretionary Complex in Japan: Mid-Ocean Patch Reef Development in the Panthalassa Ocean.” Facies, vol. 54, no. 4, 2008, pp. 529–47. Springer Link, https://doi.org/10.1007/s10347-008-0148-2.",
Orozco,Miguel,"Molina, Jose Miguel; Crespo-Blanc, Ana; Alonso-Chaves, Francisco Manuel","Las Menas, Spain",37.283271,-2.513341,,,11.63-7.246,Neogene,Miocene,Tortonian,Filabres detachment,Sierra de los Filabres,1999,10.1023/A:1003610431688,"Palaeokarst and rauhwacke development, mountain uplift and subaerial sliding of tectonic sheets (northern Sierra de los Filabres, Betic Cordilleras, Spain)","Orozco, Miguel, et al. “Palaeokarst and Rauhwacke Development, Mountain Uplift and Subaerial Sliding of Tectonic Sheets (Northern Sierra de Los Filabres, Betic Cordilleras, Spain).” Geologie En Mijnbouw, vol. 78, no. 1, 1999, pp. 103–17. DOI.org (Crossref), https://doi.org/10.1023/A:1003610431688.",
Perkins,Ronald D,-,"Everglades ,Florida, USA",25.078717,-80.673385,,,2.58-1.8,Quaternary,Pleistocene,Early,-,-,1977,-,PART II: Depositional Framework of Pleistocene Rocks in South Florida,"Perkins, Ronald D. “PART II: Depositional Framework of Pleistocene Rocks in South Florida.” Geological Society of America Memoirs, vol. 147, Geological Society of America, 1977, pp. 131–98. DOI.org (Crossref), https://doi.org/10.1130/MEM147-p131.",
Peybernes,Camille,"Peyrotty, Giovan; Chablais, Jerome; Onoue, Tetsuji; Yamashita, Daisuke; Martini, Rossana","Mt. Sambosan, Japan",33.5747,133.711433,,,,Triassic,Late,Norian-Rhaetian,Slab under the castle,Mount Sambosan,2020,10.1016/j.gloplacha.2020.103250,"Birth and death of seamounts in the Panthalassa Ocean: Late Triassic to Early Jurassic sedimentary record at Mount Sambosan, Shikoku, Southwest Japan","Peybernes, Camille, et al. “Birth and Death of Seamounts in the Panthalassa Ocean: Late Triassic to Early Jurassic Sedimentary Record at Mount Sambosan, Shikoku, Southwest Japan.” Global and Planetary Change, vol. 192, Sept. 2020, p. 103250. ScienceDirect, https://doi.org/10.1016/j.gloplacha.2020.103250.",
Peybernes,Camille,"Peyrotty, Giovan; Chablais, Jerome; Onoue, Tetsuji; Yamashita, Daisuke; Martini, Rossana","Mt. Sambosan, Japan",33.5742,133.712217,,,,Triassic,Late,Norian-Rhaetian,Clasts under the castle,Mount Sambosan,2020,10.1016/j.gloplacha.2020.103250,"Birth and death of seamounts in the Panthalassa Ocean: Late Triassic to Early Jurassic sedimentary record at Mount Sambosan, Shikoku, Southwest Japan","Peybernes, Camille, et al. “Birth and Death of Seamounts in the Panthalassa Ocean: Late Triassic to Early Jurassic Sedimentary Record at Mount Sambosan, Shikoku, Southwest Japan.” Global and Planetary Change, vol. 192, Sept. 2020, p. 103250. ScienceDirect, https://doi.org/10.1016/j.gloplacha.2020.103250.",
Peybernes,Camille,"Peyrotty, Giovan; Chablais, Jerome; Onoue, Tetsuji; Yamashita, Daisuke; Martini, Rossana","Mt. Sambosan, Japan",33.581867,133.722017,,,,Triassic,Late,Norian-Rhaetian,Slab in the quarry,Mount Sambosan,2020,10.1016/j.gloplacha.2020.103250,"Birth and death of seamounts in the Panthalassa Ocean: Late Triassic to Early Jurassic sedimentary record at Mount Sambosan, Shikoku, Southwest Japan","Peybernes, Camille, et al. “Birth and Death of Seamounts in the Panthalassa Ocean: Late Triassic to Early Jurassic Sedimentary Record at Mount Sambosan, Shikoku, Southwest Japan.” Global and Planetary Change, vol. 192, Sept. 2020, p. 103250. ScienceDirect, https://doi.org/10.1016/j.gloplacha.2020.103250.",
Peybernes,Camille,"Peyrotty, Giovan; Chablais, Jerome; Onoue, Tetsuji; Yamashita, Daisuke; Martini, Rossana","Mt. Sambosan, Japan",33.583033,133.7222,,,,Triassic,Late,Norian-Rhaetian,Clasts in the quarry,Mount Sambosan,2020,10.1016/j.gloplacha.2020.103250,"Birth and death of seamounts in the Panthalassa Ocean: Late Triassic to Early Jurassic sedimentary record at Mount Sambosan, Shikoku, Southwest Japan","Peybernes, Camille, et al. “Birth and Death of Seamounts in the Panthalassa Ocean: Late Triassic to Early Jurassic Sedimentary Record at Mount Sambosan, Shikoku, Southwest Japan.” Global and Planetary Change, vol. 192, Sept. 2020, p. 103250. ScienceDirect, https://doi.org/10.1016/j.gloplacha.2020.103250.",
Platt,Nigel H,-,"Burgos, Spain",42.02431,-3.028495,,,,Cretaceous,Early,Berriasian,Berriasian Rupelo Formation,W Cameros Basin,1989,10.1111/j.1365-3091.1989.tb02092.x,"Lacustrine carbonates and pedogenesis: sedimentology and origin of palustrine deposits from the Early Cretaceous Rupelo Formation, W Cameros Basin, N Spain","Platt, Nigel H. “Lacustrine Carbonates and Pedogenesis: Sedimentology and Origin of Palustrine Deposits from the Early Cretaceous Rupelo Formation, W Cameros Basin, N Spain.” Sedimentology, vol. 36, no. 4, 1989, pp. 665–84. Wiley Online Library, https://doi.org/10.1111/j.1365-3091.1989.tb02092.x.",
Platt,Nigel H,-,"Lake Neuchatel-Lake Geneva, Switzerland",46.686745,6.605398,,,,Paleogene,Oligocene,Chattian,-,-,1992,10.1016/0037-0738(92)90114-7,"Fresh-water carbonates from the Lower Freshwater Molasse (Oligocene, western Switzerland): sedimentology and stable isotopes","Platt, Nigel H. “Fresh-Water Carbonates from the Lower Freshwater Molasse (Oligocene, Western Switzerland): Sedimentology and Stable Isotopes.” Sedimentary Geology, vol. 78, no. 1–2, June 1992, pp. 81–99. DOI.org (Crossref), https://doi.org/10.1016/0037-0738(92)90114-7.",
Raspini,Arturo,-,"Monte Tobenna, Italy",40.734133,14.92362,,,,Cretaceous,Early,Aptian,Monte Tobenna,Southern Apennines,1998,10.1006/cres.1997.0103,"Microfacies analysis of shallow water carbonates and evidence of hierarchically organized cycles: Aptian of Monte Tobenna, southern Apennines, Italy","Raspini, Arturo. “Microfacies Analysis of Shallow Water Carbonates and Evidence of Hierarchically Organized Cycles: Aptian of Monte Tobenna, Southern Apennines, Italy.” Cretaceous Research, vol. 19, no. 2, Apr. 1998, pp. 197–223. DOI.org (Crossref), https://doi.org/10.1006/cres.1997.0103.",
Raspini,Arturo,-,"Monte Faito, Italy",40.683137,14.50763,,,,Cretaceous,Early,Hauterivian-Albian,Monte Faito,Southern Apennines,2001,10.1144/jgs.158.2.353,"Stacking pattern of cyclic carbonate platform strata: Lower Cretaceous of southern Apennines, Italy","Raspini, Arturo. “Stacking Pattern of Cyclic Carbonate Platform Strata: Lower Cretaceous of Southern Apennines, Italy.” Journal of the Geological Society, vol. 158, no. 2, Mar. 2001, pp. 353–66. DOI.org (Crossref), https://doi.org/10.1144/jgs.158.2.353.",
Reinhold,Carsten,-,"Baden-Wurttemberg, Germany",48.628337,9.948925,,,,Jurassic,Late,-,Swabian-Franconian Alps,Alpine Molasse Basin,1998,10.2110/jsr.68.378,Ancient helictites and the formation of vadose crystal silt in Upper Jurassic carbonates (southern Germany),"Reinhold, Carsten. “Ancient Helictites and the Formation of Vadose Crystal Silt in Upper Jurassic Carbonates (Southern Germany).” Journal of Sedimentary Research, vol. 68, no. 3, May 1998, pp. 378–90. Silverchair, https://doi.org/10.2110/jsr.68.378.",
Ryczkowska,Iga,"Matysik, Michal","Tarnow Opolski, Poland",50.568478,18.08071,,,,Triassic,Early-Middle,Olenekian-Ladinian,Karchowice Beds,Germanic Basin,2025,10.1016/j.marpetgeo.2024.107174,"Multistage selective diagenesis increasing poro-perm properties of Anisian sponge-microbial-coral patch reefs and adjacent facies in the Muschelkalk of Upper Silesia, Southern Poland","Ryczkowska, Iga, and Michał Matysik. “Multistage Selective Diagenesis Increasing Poro-Perm Properties of Anisian Sponge-Microbial-Coral Patch Reefs and Adjacent Facies in the Muschelkalk of Upper Silesia, Southern Poland.” Marine and Petroleum Geology, vol. 171, Jan. 2025, p. 107174. DOI.org (Crossref), https://doi.org/10.1016/j.marpetgeo.2024.107174.",
Sadji,Radouane,"Munnecke, Axel; Benhamou, Miloud; Alberti, Matthias; Belkhedim, Salim; Ramdane, Nabil","Tiaret, Algeria",35.477718,1.227752,,,,Jurassic,Late,Oxfordian,Frid Ammonitico Rosso Formation,Ouarsenis Mountains,2021,10.1016/j.palaeo.2021.110224,"Late Jurassic temperatures for the southern Tethyan margin based on belemnites δ18O from the Ouarsenis Mountains, northwestern Algeria","Sadji, Radouane, et al. “Late Jurassic Temperatures for the Southern Tethyan Margin Based on Belemnites δ18O from the Ouarsenis Mountains, Northwestern Algeria.” Palaeogeography, Palaeoclimatology, Palaeoecology, vol. 566, Mar. 2021, p. 110224. ScienceDirect, https://doi.org/10.1016/j.palaeo.2021.110224.",
Sandström,Olof,-,"Ljugarn, Sweden",57.349682,18.738977,,,,Silurian,Late,Ludfordian,-,Gotland Sweden,1998,10.1080/11035899801204365,"Sediments and stromatoporoid morphotypes in Ludfordian (Upper Silurian) reefal sea stacks on Gotland, Sweden","Sandström, Olof. “Sediments and Stromatoporoid Morphotypes in Ludfordian (Upper Silurian) Reefal Sea Stacks on Gotland, Sweden.” GFF, vol. 120, no. 4, Dec. 1998, pp. 365–71. Taylor and Francis+NEJM, https://doi.org/10.1080/11035899801204365.",
Sattler,Ute,"Immenhauser, Adrian; Hillgartner, Heiko; Esteban, Mateu","Jabal Madar, Oman",20.485017,57.791548,,,,Cretaceous,Early,Barremian-Aptian,Qishn Formation,Huqf area,2005,10.1111/j.1365-3091.2005.00701.x,"Characterization, lateral variability and lateral extent of discontinuity surfaces on a Carbonate Platform (Barremian to Lower Aptian, Oman)","Sattler, Ute, et al. “Characterization, Lateral Variability and Lateral Extent of Discontinuity Surfaces on a Carbonate Platform (Barremian to Lower Aptian, Oman).” Sedimentology, vol. 52, no. 2, 2005, pp. 339–61. Wiley Online Library, https://doi.org/10.1111/j.1365-3091.2005.00701.x.",
Schlager,Wolfgang,-,"Hallstatt, Austria",47.540438,13.659773,,,,Triassic,Late,-,Hallstatt,Alpine-Mediterranean orogenic belt,1975,10.1002/9781444304855.ch3,Preservation of Cephalopod Skeletons and Carbonate Dissolution on Ancient Tethyan Sea Floors,"Schlager, Wolfgang. “Preservation of Cephalopod Skeletons and Carbonate Dissolution on Ancient Tethyan Sea Floors.” Pelagic Sediments: On Land and under the Sea, edited by Kenneth J. Hsü and Hugh C. Jenkyns, 1st ed., Wiley, 1975, pp. 49–70. DOI.org (Crossref), https://doi.org/10.1002/9781444304855.ch3.",
Schlager,Wolfgang,-,"Adnet, Austria",47.699382,13.116672,,,,Jurassic,Early,-,Adnet Limestone,Alpine-Mediterranean orogenic belt,1975,10.1002/9781444304855.ch4,Preservation of Cephalopod Skeletons and Carbonate Dissolution on Ancient Tethyan Sea Floors,"Schlager, Wolfgang. “Preservation of Cephalopod Skeletons and Carbonate Dissolution on Ancient Tethyan Sea Floors.” Pelagic Sediments: On Land and under the Sea, edited by Kenneth J. Hsü and Hugh C. Jenkyns, 1st ed., Wiley, 1975, pp. 49–70. DOI.org (Crossref), https://doi.org/10.1002/9781444304855.ch3.",
Schlager,Wolfgang,-,"Furlo, Italy",43.636729,12.71115,,,,Jurassic,Late,Tithonian,Furlo Appenines,Alpine-Mediterranean orogenic belt,1975,10.1002/9781444304855.ch5,Preservation of Cephalopod Skeletons and Carbonate Dissolution on Ancient Tethyan Sea Floors,"Schlager, Wolfgang. “Preservation of Cephalopod Skeletons and Carbonate Dissolution on Ancient Tethyan Sea Floors.” Pelagic Sediments: On Land and under the Sea, edited by Kenneth J. Hsü and Hugh C. Jenkyns, 1st ed., Wiley, 1975, pp. 49–70. DOI.org (Crossref), https://doi.org/10.1002/9781444304855.ch3.",
Schlager,Wolfgang,-,"Blaa Alm, Austria",47.675889,13.728712,,,,Jurassic,Middle,-,Klaus,Alpine-Mediterranean orogenic belt,1975,10.1002/9781444304855.ch6,Preservation of Cephalopod Skeletons and Carbonate Dissolution on Ancient Tethyan Sea Floors,"Schlager, Wolfgang. “Preservation of Cephalopod Skeletons and Carbonate Dissolution on Ancient Tethyan Sea Floors.” Pelagic Sediments: On Land and under the Sea, edited by Kenneth J. Hsü and Hugh C. Jenkyns, 1st ed., Wiley, 1975, pp. 49–70. DOI.org (Crossref), https://doi.org/10.1002/9781444304855.ch3.",
Schlager,Wolfgang,-,"Drauzug, Austria",46.750731,12.802752,,,,Jurassic,Middle-Late,-,Ammonotico Rosso,Alpine-Mediterranean orogenic belt,1975,10.1002/9781444304855.ch7,Preservation of Cephalopod Skeletons and Carbonate Dissolution on Ancient Tethyan Sea Floors,"Schlager, Wolfgang. “Preservation of Cephalopod Skeletons and Carbonate Dissolution on Ancient Tethyan Sea Floors.” Pelagic Sediments: On Land and under the Sea, edited by Kenneth J. Hsü and Hugh C. Jenkyns, 1st ed., Wiley, 1975, pp. 49–70. DOI.org (Crossref), https://doi.org/10.1002/9781444304855.ch3.",
Schweizer,Volker,-,"Balingen, Germany",48.270458,8.859648,,,,Jurassic,Late,Oxfordian,-,Swabian Alb,1987,10.1007/BF02536784,Die Schwamm-Algen-Fazies im Weißen Jura der westlichen Schwäbischen Alb,"Schweizer, Volker. “Die Schwamm-Algen-Fazies Im Weißen Jura Der Westlichen Schwäbischen Alb.” Facies, vol. 17, no. 1, 1987, pp. 197–202. Scopus, Scopus, https://doi.org/10.1007/BF02536784.",
Schweizer,Volker,-,"Messtetten, Germany",48.173115,8.973505,,,,Jurassic,Late,Oxfordian,-,Swabian Alb,1987,10.1007/BF02536784,Die Schwamm-Algen-Fazies im Weißen Jura der westlichen Schwäbischen Alb,"Schweizer, Volker. “Die Schwamm-Algen-Fazies Im Weißen Jura Der Westlichen Schwäbischen Alb.” Facies, vol. 17, no. 1, 1987, pp. 197–202. Scopus, Scopus, https://doi.org/10.1007/BF02536784.",
Schweizer,Volker,-,"Muhlheim, Germany",48.016299,8.895046,,,,Jurassic,Late,Oxfordian,-,Swabian Alb,1987,10.1007/BF02536784,Die Schwamm-Algen-Fazies im Weißen Jura der westlichen Schwäbischen Alb,"Schweizer, Volker. “Die Schwamm-Algen-Fazies Im Weißen Jura Der Westlichen Schwäbischen Alb.” Facies, vol. 17, no. 1, 1987, pp. 197–202. Scopus, Scopus, https://doi.org/10.1007/BF02536784.",
Searl,Alison,-,"Cwar yr Hendre, South Wales, UK",51.832427,-3.257442,,,358.9-323.2,Carboniferous,Early,-,Blaen Onneu,Oolite Group,1988,10.1016/0037-0738(88)90025-5,"The limitations of ""cement stratigraphy"" as revealed in some Lower Carboniferous oolites from South Wales","Searl, Alison. “The Limitations of ‘Cement Stratigraphy’ as Revealed in Some Lower Carboniferous Oolites from South Wales.” Sedimentary Geology, vol. 57, no. 3–4, June 1988, pp. 171–83. DOI.org (Crossref), https://doi.org/10.1016/0037-0738(88)90025-5.",
Semeniuk,V,-,"Molong, NSW, Australia",-33.475647,148.795852,,,456-452,Ordovician,Late,Sandbian,Davys Plains Limestone,Bowan Park Group,1973,10.1080/00167617308728828,Nearshore to offshore facies and depositional history of the Ordovician Daylesford Limestone New South Wales,"Semeniuk, V. “Nearshore to Offshore Facies and Depositional History of the Ordovician Daylesford Limestone New South Wales.” Journal of the Geological Society of Australia, vol. 20, no. 4, 1973, pp. 449–63. DOI.org (Crossref), https://doi.org/10.1080/00167617308728828.",
Semeniuk,V,-,"Molong, NSW, Australia",-33.475647,148.795852,,,461-450,Ordovician,Late,Sandbian-Katian,Glenrae Limestone,Bowan Park Group,1973,10.1080/00167617308728828,Nearshore to offshore facies and depositional history of the Ordovician Daylesford Limestone New South Wales,"Semeniuk, V. “Nearshore to Offshore Facies and Depositional History of the Ordovician Daylesford Limestone New South Wales.” Journal of the Geological Society of Australia, vol. 20, no. 4, 1973, pp. 449–63. DOI.org (Crossref), https://doi.org/10.1080/00167617308728828.",
Semeniuk,V,-,"Molong, NSW, Australia",-33.475647,148.795852,,,456-450 ,Ordovician,Late,Sandbian-Katian,Bourimbla Limestone,Bowan Park Group,1973,10.1080/00167617308728828,Nearshore to offshore facies and depositional history of the Ordovician Daylesford Limestone New South Wales,"Semeniuk, V. “Nearshore to Offshore Facies and Depositional History of the Ordovician Daylesford Limestone New South Wales.” Journal of the Geological Society of Australia, vol. 20, no. 4, 1973, pp. 449–63. DOI.org (Crossref), https://doi.org/10.1080/00167617308728828.",
Semeniuk,V,-,"Molong, NSW, Australia",-33.391986,148.95996,,,461-450,Ordovician,Late,Sandbian-Katian,Glenrae Limestone,Bowan Park Group,1973,10.1080/00167617308728828,Nearshore to offshore facies and depositional history of the Ordovician Daylesford Limestone New South Wales,"Semeniuk, V. “Nearshore to Offshore Facies and Depositional History of the Ordovician Daylesford Limestone New South Wales.” Journal of the Geological Society of Australia, vol. 20, no. 4, 1973, pp. 449–63. DOI.org (Crossref), https://doi.org/10.1080/00167617308728828.",
Semeniuk,V,-,"Molong, NSW, Australia",-33.391986,148.95996,,,456-450 ,Ordovician,Late,Sandbian-Katian,Bourimbla Limestone,Bowan Park Group,1973,10.1080/00167617308728828,Nearshore to offshore facies and depositional history of the Ordovician Daylesford Limestone New South Wales,"Semeniuk, V. “Nearshore to Offshore Facies and Depositional History of the Ordovician Daylesford Limestone New South Wales.” Journal of the Geological Society of Australia, vol. 20, no. 4, 1973, pp. 449–63. DOI.org (Crossref), https://doi.org/10.1080/00167617308728828.",
Semeniuk,V,-,"Molong, NSW, Australia",-33.448724,148.865889,,,456-450 ,Ordovician,Late,Sandbian-Katian,Bourimbla Limestone,Bowan Park Group,1973,10.1080/00167617308728828,Nearshore to offshore facies and depositional history of the Ordovician Daylesford Limestone New South Wales,"Semeniuk, V. “Nearshore to Offshore Facies and Depositional History of the Ordovician Daylesford Limestone New South Wales.” Journal of the Geological Society of Australia, vol. 20, no. 4, 1973, pp. 449–63. DOI.org (Crossref), https://doi.org/10.1080/00167617308728828.",
Semeniuk,V,-,"Molong, NSW, Australia",-33.46591,148.816451,,,456-450 ,Ordovician,Late,Sandbian-Katian,Bourimbla Limestone,Bowan Park Group,1973,10.1080/00167617308728828,Nearshore to offshore facies and depositional history of the Ordovician Daylesford Limestone New South Wales,"Semeniuk, V. “Nearshore to Offshore Facies and Depositional History of the Ordovician Daylesford Limestone New South Wales.” Journal of the Geological Society of Australia, vol. 20, no. 4, 1973, pp. 449–63. DOI.org (Crossref), https://doi.org/10.1080/00167617308728828.",
Semeniuk,V,"Percival, I.G.; Brocx, M.","Cliefden Caves, NSW, Australia",-33.584565,148.893371,,,456-450,Ordovician,Late,Sandbian-Katian,Fossil Hill Limestone,Bowan Park Subgroup,2019,10.1080/08120099.2019.1577297,"Subaerial disconformities, microkarst and paleosols in Ordovician limestones at Bowan Park and Cliefden Caves, New South Wales, and their geoheritage significance","Semeniuk, V., et al. “Subaerial Disconformities, Microkarst and Paleosols in Ordovician Limestones at Bowan Park and Cliefden Caves, New South Wales, and Their Geoheritage Significance.” Australian Journal of Earth Sciences, vol. 66, no. 6, Aug. 2019, pp. 891–906. DOI.org (Crossref), https://doi.org/10.1080/08120099.2019.1577297.",
Semeniuk,V,"Percival, I.G.; Brocx, M.","Cudal, NSW, Australia",-33.448724,148.865889,,,456-450 ,Ordovician,Late,Sandbian-Katian,Bourimbla Limestone,Bowan Park Subgroup,2019,10.1080/08120099.2019.1577297,"Subaerial disconformities, microkarst and paleosols in Ordovician limestones at Bowan Park and Cliefden Caves, New South Wales, and their geoheritage significance","Semeniuk, V., et al. “Subaerial Disconformities, Microkarst and Paleosols in Ordovician Limestones at Bowan Park and Cliefden Caves, New South Wales, and Their Geoheritage Significance.” Australian Journal of Earth Sciences, vol. 66, no. 6, Aug. 2019, pp. 891–906. DOI.org (Crossref), https://doi.org/10.1080/08120099.2019.1577297.",
Shang,Junxin,"Feng, Mingyou; Wang, Xingzhi; Zhang, Benjian; Xu, Liang; Liu, Xiaohong","Wulong Town, Sichuan China",30.405644,102.767384,,,290.1-264.28,Permian,Middle,-,Qixia Formation,Sichuan Basin,2023,10.1038/s41598-023-40334-y,"Alteration effects of karstification and hydrothermalism on middle Permian Qixia formation at the Wulong section, South China","Shang, Junxin, et al. “Alteration Effects of Karstification and Hydrothermalism on Middle Permian Qixia Formation at the Wulong Section, South China.” Scientific Reports, vol. 13, no. 1, Aug. 2023, p. 13128. www.nature.com, https://doi.org/10.1038/s41598-023-40334-y.",
Soreghan,Gerilyn S.,"Engel, Michael H.; Furley, Roger A.; Giles, Katherine A.","Hembrillo Canyon, New Mexico, USA",33.014491,-106.616351,,,303.4-299,Carboniferous,Late,Virgilian,Panther Seep Formation,Orogrande Basin,2000,10.1306/032100701315,"Glacioeustatic Transgressive Reflux: Stratiform Dolomite in Pennsylvanian Bioherms of the Western Orogrande Basin, New Mexico","Soreghan, Gerilyn S., et al. “Glacioeustatic Transgressive Reflux: Stratiform Dolomite in Pennsylvanian Bioherms of the Western Orogrande Basin, New Mexico.” Journal of Sedimentary Research, vol. 70, no. 6, Nov. 2000, pp. 1315–32. DOI.org (Crossref), https://doi.org/10.1306/032100701315.",
Spalluto,Luigi,-,"Borgo Celano village, Italy",41.685806,15.65946,,,,Cretaceous,Early,-,Gargano Promontory,Apulian Foreland,2008,-,"Sedimentology and high-resolution sequence stratigraphy of a lower Cretaceous shallow-water carbonate succession from the Western Gargano Promontory (Apulia, Southern Italy)","Spalluto, Luigi. “Sedimentology and High-Resolution Sequence Stratigraphy of a Lower Cretaceous Shallow-Water Carbonate Succession from the Western Gargano Promontory (Apulia, Southern Italy).” GeoActa, vol. Special Publication, no. 1, 2008, pp. 173–91. Scopus.",
Spalluto,Luigi,-,"Bari, Italy",41.126861,16.83208,,,,Cretaceous,Middle,Albian-Cenomanian,Calcare di bari fm,Apulia Carbonate Platform,2012,10.1007/s10347-011-0266-0,"Facies evolution and sequence chronostratigraphy of a “mid”-Cretaceous shallow-water carbonate succession of the Apulia Carbonate Platform from the northern Murge area (Apulia, southern Italy)","Spalluto, Luigi. “Facies Evolution and Sequence Chronostratigraphy of a ‘Mid’-Cretaceous Shallow-Water Carbonate Succession of the Apulia Carbonate Platform from the Northern Murge Area (Apulia, Southern Italy).” Facies, vol. 58, no. 1, 2012, pp. 17–36. Springer Link, https://doi.org/10.1007/s10347-011-0266-0.",
Spalluto,Luigi,"Petruzzelli, Marco; Sabato, Luisa; Tropeano, Marcello","Giovinazzo, Italy",41.189131,16.660431,,,,Cretaceous,Middle,Albian-Cenomanian,Calcare di bari fm,Apulia Carbonate Platform,2025,10.1002/dep2.305,"Cretaceous cyclic peritidal carbonates of the Apulia Carbonate Platform (Apulia, southern Italy) in a hierarchical sequence-stratigraphic perspective: A case study from the Murge area (the Giovinazzo sea-cliff section)","Spalluto, Luigi, et al. “Cretaceous Cyclic Peritidal Carbonates of the Apulia Carbonate Platform (Apulia, Southern Italy) in a Hierarchical Sequence-Stratigraphic Perspective: A Case Study from the Murge Area (the Giovinazzo Sea-Cliff Section).” The Depositional Record, vol. 11, no. 1, 2025, pp. 328–53. Wiley Online Library, https://doi.org/10.1002/dep2.305.",
Steinhauff,D. Mark,"Walker, Kenneth R.","Thorn Hill, TN, USA",36.354772,-83.418325,,,,Ordovician,Middle,-,-,Southern Appalachians,1995,10.1306/D4268211-2B26-11D7-8648000102C1865D,"Recognizing exposure, drowning, and ""missed beats""; platform-interior to platform-margin sequence stratigraphy of Middle Ordovician limestones, East Tennessee","Steinhauff, D. Mark, and Kenneth R. Walker. “Recognizing Exposure, Drowning, and ‘Missed Beats’; Platform-Interior to Platform-Margin Sequence Stratigraphy of Middle Ordovician Limestones, East Tennessee.” Journal of Sedimentary Research, vol. 65, no. 2b, May 1995, pp. 183–207. DOI.org (Crossref), https://doi.org/10.1306/D4268211-2B26-11D7-8648000102C1865D.",
Steinhauff,D. Mark,"Walker, Kenneth R.","Thorn Hill, TN, USA",36.355065,-83.439445,,,,Ordovician,Middle,-,Rockdell Fmt,Southern Appalachians,1996,10.1130/0-8137-2306-X.87,"Sequence stratigraphy of an apparently noncyclic carbonate succession: Recognizing subaerial exposure in a largely subtidal, Middle Ordovician stratigraphic sequence in eastern Tennessee","Steinhauff, D. Mark, and Kenneth R. Walker. “Sequence Stratigraphy of an Apparently Noncyclic Carbonate Succession: Recognizing Subaerial Exposure in a Largely Subtidal, Middle Ordovician Stratigraphic Sequence in Eastern Tennessee.” Special Paper of the Geological Society of America, vol. 306, 1996, pp. 87–115. Scopus, Scopus, https://doi.org/10.1130/0-8137-2306-X.87.",
Su,Chengpeng,"Tan, Xiucheng; Shi, Kailan; Lu, Feifan; Luo, Sicong; Tang, Hao; Zhang, Xinyu","Chongqing, China",29.688855,106.464806,,,201.3-174.1,Jurassic,Early,-,Da'anzhai member,Sichuan Basin,2017,10.1016/j.petlm.2016.12.006,"Characteristics and significance of the penecontemporaneous karst in lacustrine carbonate, Da'anzhai Member, Lower Jurassic, Beibei area, eastern Sichuan Basin","Su, Chengpeng, et al. “Characteristics and Significance of the Penecontemporaneous Karst in Lacustrine Carbonate, Da’anzhai Member, Lower Jurassic, Beibei Area, Eastern Sichuan Basin.” Petroleum, vol. 3, no. 3, Sept. 2017, pp. 292–300. ScienceDirect, https://doi.org/10.1016/j.petlm.2016.12.006.",
Sulli,A,"Interbartolo, F","Maranfusa Mt., Sicily, Italy",37.830796,13.155691,,,13.82-9,Neogene,Miocene,Serravallian-Lower Tortonian,Marne di S. Cipirello,Monte Maranfusa Succession,2016,10.1016/j.sedgeo.2015.10.013,Subaerial exposure and drowning processes in a carbonate platform during the Mesozoic Tethyan rifting: The case of the Jurassic succession of Western Sicily (central Mediterranean),"Sulli, A., and F. Interbartolo. “Subaerial Exposure and Drowning Processes in a Carbonate Platform during the Mesozoic Tethyan Rifting: The Case of the Jurassic Succession of Western Sicily (Central Mediterranean).” Sedimentary Geology, vol. 331, Jan. 2016, pp. 63–77. DOI.org (Crossref), https://doi.org/10.1016/j.sedgeo.2015.10.013.",
Sulli,A,"Interbartolo, F","Maranfusa Mt., Sicily, Italy",37.830796,13.155691,,,,Jurassic,Early,Hettangian-Sinemurian,Inici,Monte Maranfusa Succession,2016,10.1016/j.sedgeo.2015.10.013,Subaerial exposure and drowning processes in a carbonate platform during the Mesozoic Tethyan rifting: The case of the Jurassic succession of Western Sicily (central Mediterranean),"Sulli, A., and F. Interbartolo. “Subaerial Exposure and Drowning Processes in a Carbonate Platform during the Mesozoic Tethyan Rifting: The Case of the Jurassic Succession of Western Sicily (Central Mediterranean).” Sedimentary Geology, vol. 331, Jan. 2016, pp. 63–77. DOI.org (Crossref), https://doi.org/10.1016/j.sedgeo.2015.10.013.",
Tobin,Kenneth J,"Steinhauff, D. Mark; Walker, Kenneth R.","Tennessee, USA",36.416525,-83.30266,,,460.9-451,Ordovician,Late,Carodocian,-,Knox Supergroup,1999,10.1016/S0031-0182(98)00221-1,Ordovician meteoric carbon and oxygen isotopic values: implications for the latitudinal variations of ancient stable isotopic values,"Tobin, Kenneth J., et al. “Ordovician Meteoric Carbon and Oxygen Isotopic Values: Implications for the Latitudinal Variations of Ancient Stable Isotopic Values.” Palaeogeography, Palaeoclimatology, Palaeoecology, vol. 150, no. 3, July 1999, pp. 331–42. ScienceDirect, https://doi.org/10.1016/S0031-0182(98)00221-1.",
Ueno,Katsumi,"Hayakawa, Naoki; Nakazawa, Tsutomu; Wang, Yue; Wang, Xiangdong","Zongdi, China",25.583333,106.333333,,,,Carboniferous,Late,Gzhelian,Yangtze Carbonate Platform,Dian-Qian-Gui Basin,2013,10.1144/SP376.5,"Pennsylvanian–Early Permian cyclothemic succession on the Yangtze Carbonate Platform, South China","Ueno, Katsumi, et al. “Pennsylvanian–Early Permian Cyclothemic Succession on the Yangtze Carbonate Platform, South China.” Geological Society, London, Special Publications, vol. 376, no. 1, Jan. 2013, pp. 235–67. DOI.org (Crossref), https://doi.org/10.1144/SP376.5.",
Ueno,Katsumi,"Hayakawa, Naoki; Nakazawa, Tsutomu; Wang, Yue; Wang, Xiangdong","Zongdi, China",25.583333,106.333333,,,298.9-273.01,Permian,Early,Cisuralian,Yangtze Carbonate Platform,Dian-Qian-Gui Basin,2013,10.1144/SP376.5,"Pennsylvanian–Early Permian cyclothemic succession on the Yangtze Carbonate Platform, South China","Ueno, Katsumi, et al. “Pennsylvanian–Early Permian Cyclothemic Succession on the Yangtze Carbonate Platform, South China.” Geological Society, London, Special Publications, vol. 376, no. 1, Jan. 2013, pp. 235–67. DOI.org (Crossref), https://doi.org/10.1144/SP376.5.",
Varga,Andrea,"Szakmány, György; Raucsik, Béla","Kan, Hungary",46.150778,17.962361,,,,Paleogene,Eocene,-,-,Szentlorinc Fmt,2002,10.1556/AGeol.45.2002.3.6,Micromorphology and mineralogy of the Eocene calcrete gravel from the Mecsek Mountains (S Hungary),"Varga, A., et al. “Micromorphology and Mineralogy of the Eocene Calcrete Gravel from the Mecsek Mountains (S Hungary).” Acta Geologica Hungarica, vol. 45, no. 3, 2002, pp. 287–99. Scopus, Scopus, https://doi.org/10.1556/AGeol.45.2002.3.6.",
Vieira,Marcela Marques,"De Ros, Luiz Fernando","Natal, Brazil",-5.842072,-35.185004,,,,Quaternary,Pleistocene-Holocene,-,-,Potiguar Basin,2006,10.1016/j.sedgeo.2006.04.011,Cementation patterns and genetic implications of Holocene beachrocks from northeastern Brazil,"Vieira, Marcela Marques, and Luiz Fernando De Ros. “Cementation Patterns and Genetic Implications of Holocene Beachrocks from Northeastern Brazil.” Sedimentary Geology, vol. 192, no. 3–4, Dec. 2006, pp. 207–30. DOI.org (Crossref), https://doi.org/10.1016/j.sedgeo.2006.04.011.",
Watts,Nigel R.,-,"Hogklint, Sweden",57.594073,18.191463,,,438.5-427.4,Silurian,Middle,-,Hogklint Formation,Gotland Sweden,1982,-,"Early Carbonate Fabrics in Silurian Reefs of Gotland, Sweden","Watts, Nigel R. “Early Carbonate Fabrics in Silurian Reefs of Gotland, Sweden: ABSTRACT.” AAPG Bulletin, vol. 66, no. 5, 1982, pp. 640–41.",
Wurm,Detlef,-,"Gosaukamm, Austria",47.504203,13.4903,,,,Triassic,Late,Norian,Dachstein Reef Limestones,Gosaukamm Range,1982,10.1007/BF02536686,"Mikrofazies, Paläontologie und Palökologie der Dachsteinriffkalke (Nor) des Gosaukammes, Österreich","Wurm, Detlef. “Mikrofazies, Paläontologie Und Palökologie Der Dachsteinriffkalke (Nor) Des Gosaukammes, Österreich.” Facies, vol. 6, no. 1, 1982, pp. 203–95. Scopus, Scopus, https://doi.org/10.1007/BF02536686.",
Yang,Mengying,"Tan, Xiucheng; Fei, Zhaolei; Lu, Zixing; Nie, Wancai; Xiong, Ying; Xiao, Di; Xu, Jie; Zhong, Shoukang; Yong, Jingkang","Central–eastern Ordos Basin, China",38.6297677,108.260556,,,467-457,Ordovician,Middle-Late,Darriwilian-Sandbian,Majiagou Formation,Ordos Basin,2025,10.3390/min15030236,"Differential Evolution and Main Controlling Factors of Inner-Platform Carbonate Reservoirs in Restricted–Evaporative Environment: A Case Study of O2m56 in the Ordos Basin, North China","Yang, Mengying, et al. “Differential Evolution and Main Controlling Factors of Inner-Platform Carbonate Reservoirs in Restricted–Evaporative Environment: A Case Study of O2m56 in the Ordos Basin, North China.” Minerals, vol. 15, no. 3, 3, Mar. 2025, p. 236. www.mdpi.com, https://doi.org/10.3390/min15030236.",
Yang,Mengying,"Tan, Xiucheng; Fei, Zhaolei; Lu, Zixing; Nie, Wancai; Xiong, Ying; Xiao, Di; Xu, Jie; Zhong, Shoukang; Yong, Jingkang","Central–eastern Ordos Basin, China",38.3712165,108.3738305,,,467-457,Ordovician,Middle-Late,Darriwilian-Sandbian,Majiagou Formation,Ordos Basin,2025,10.3390/min15030236,"Differential Evolution and Main Controlling Factors of Inner-Platform Carbonate Reservoirs in Restricted–Evaporative Environment: A Case Study of O2m56 in the Ordos Basin, North China","Yang, Mengying, et al. “Differential Evolution and Main Controlling Factors of Inner-Platform Carbonate Reservoirs in Restricted–Evaporative Environment: A Case Study of O2m56 in the Ordos Basin, North China.” Minerals, vol. 15, no. 3, 3, Mar. 2025, p. 236. www.mdpi.com, https://doi.org/10.3390/min15030236.",
Yang,Mengying,"Tan, Xiucheng; Fei, Zhaolei; Lu, Zixing; Nie, Wancai; Xiong, Ying; Xiao, Di; Xu, Jie; Zhong, Shoukang; Yong, Jingkang","Central–eastern Ordos Basin, China",37.57102513,108.3257314,,,467-457,Ordovician,Middle-Late,Darriwilian-Sandbian,Majiagou Formation,Ordos Basin,2025,10.3390/min15030236,"Differential Evolution and Main Controlling Factors of Inner-Platform Carbonate Reservoirs in Restricted–Evaporative Environment: A Case Study of O2m56 in the Ordos Basin, North China","Yang, Mengying, et al. “Differential Evolution and Main Controlling Factors of Inner-Platform Carbonate Reservoirs in Restricted–Evaporative Environment: A Case Study of O2m56 in the Ordos Basin, North China.” Minerals, vol. 15, no. 3, 3, Mar. 2025, p. 236. www.mdpi.com, https://doi.org/10.3390/min15030236.",
Yang,Mengying,"Tan, Xiucheng; Fei, Zhaolei; Lu, Zixing; Nie, Wancai; Xiong, Ying; Xiao, Di; Xu, Jie; Zhong, Shoukang; Yong, Jingkang","Central–eastern Ordos Basin, China",38.47242138,109.0772238,,,467-457,Ordovician,Middle-Late,Darriwilian-Sandbian,Majiagou Formation,Ordos Basin,2025,10.3390/min15030236,"Differential Evolution and Main Controlling Factors of Inner-Platform Carbonate Reservoirs in Restricted–Evaporative Environment: A Case Study of O2m56 in the Ordos Basin, North China","Yang, Mengying, et al. “Differential Evolution and Main Controlling Factors of Inner-Platform Carbonate Reservoirs in Restricted–Evaporative Environment: A Case Study of O2m56 in the Ordos Basin, North China.” Minerals, vol. 15, no. 3, 3, Mar. 2025, p. 236. www.mdpi.com, https://doi.org/10.3390/min15030236.",
Yang,Mengying,"Tan, Xiucheng; Fei, Zhaolei; Lu, Zixing; Nie, Wancai; Xiong, Ying; Xiao, Di; Xu, Jie; Zhong, Shoukang; Yong, Jingkang","Central–eastern Ordos Basin, China",37.62743796,109.318352,,,467-457,Ordovician,Middle-Late,Darriwilian-Sandbian,Majiagou Formation,Ordos Basin,2025,10.3390/min15030236,"Differential Evolution and Main Controlling Factors of Inner-Platform Carbonate Reservoirs in Restricted–Evaporative Environment: A Case Study of O2m56 in the Ordos Basin, North China","Yang, Mengying, et al. “Differential Evolution and Main Controlling Factors of Inner-Platform Carbonate Reservoirs in Restricted–Evaporative Environment: A Case Study of O2m56 in the Ordos Basin, North China.” Minerals, vol. 15, no. 3, 3, Mar. 2025, p. 236. www.mdpi.com, https://doi.org/10.3390/min15030236.",
Yang,Xiyan,"Bao, Hongping; Ren, Junfeng; Ma, Zhangrong","Jinbian county, China",37.59923595,108.7898086,,,,Ordovician,Middle,Darriwilian,Majiagou Formation,Ordos Basin,2017,10.11885/j.issn.1674-5086.2015.09.07.01,"Characteristics and Controlling Factors of Dolomite Reservoirs in the Ma55 Sub-member of Ordovician in Majiagou, Ordos Basin","Yang, Xiyan, et al. “Characteristics and Controlling Factors of Dolomite Reservoirs in the Ma55 Sub-Member of Ordovician in Majiagou, Ordos Basin.” Xinan Shiyou Daxue Xuebao/Journal of Southwest Petroleum University, vol. 39, no. 2, 2017, pp. 27–34. Scopus, Scopus, https://doi.org/10.11885/j.issn.1674-5086.2015.09.07.01.",
Ye,Ning,"Li, Yingtao; Huang, Baiwen; Xi, Binbin; Jiang, Hong; Lu, Ziye; Chen, Qianglu; You, Donghua; Xu, Jin","Shunnan area, Tarim Basin, China",39.11856381,83.93961063,,,477.4-468.1,Ordovician,Early-Middle,Floian-Dapingian,Yijjianfang Formation,Tarim Basin,2022,10.1002/gj.4482,"Hydrothermal silicification and its impact on Lower–Middle Ordovician carbonates in Shunnan area, Tarim Basin, NW China","Ye, Ning, et al. “Hydrothermal Silicification and Its Impact on Lower–Middle Ordovician Carbonates in Shunnan Area, Tarim Basin, NW China.” Geological Journal, vol. 57, no. 9, 2022, pp. 3538–57. Wiley Online Library, https://doi.org/10.1002/gj.4482.",
Zhang,You,"Li, Qiang; Zhu, Kedan; Zheng, Xingping; Lin, Tong; Shao, Guanming; Sun, Haihang; Sun, Tingbin","Gucheng area, eastern Tarim Basin, China",38.2040348,83.50040262,,,480.5-469.5,Ordovician,Early,Floian,Yingshan Formation ,Tarim Basin,2022,10.3969/j.issn.1672-7703.2022.04.013,"Quantitative study on key diagenetic periods of dolomite reservoir based on laser in-situ U-Pb dating and element area scanning: a case study of the Ordovician Yingshan Formation in Gucheng area, eastern Tarim Basin","Zhang, You, et al. “Quantitative Study on Key Diagenetic Periods of Dolomite Reservoir Based on Laser In-Situ U-Pb Dating and Element Area Scanning: A Case Study of the Ordovician Yingshan Formation in Gucheng Area, Eastern Tarim Basin.” China Petroleum Exploration, vol. 27, no. 4, 2022, pp. 181–94. Scopus, Scopus, https://doi.org/10.3969/j.issn.1672-7703.2022.04.013.",Date of filling:  434 Ma ± 15
Zhi-chen,Zhou,"Flugel, Erik","Wanghu, Anhui, China",30.95775102,118.5924126,,,323.40-305.35,Carboniferous,Late,Bashkirian-Kasimovian,Huanglon Formation,-,1986,10.1007/BF02536856,"Carbonate ramp deposition: Middle to upper carboniferous microfacies of Eastern Anhui and Southern Jiangsu, China","Zhi-chen, Zhou, and Erik Flügel. “Carbonate Ramp Deposition: Middle to Upper Carboniferous Microfacies of Eastern Anhui and Southern Jiangsu, China.” Facies, vol. 14, no. 1, Dec. 1986, pp. 201–33. Springer Link, https://doi.org/10.1007/BF02536856.","The paper argues that the epoch of the formation is disputed between Middle and Late Carboniferous, they favor Middle, but this was back in 1986"
Yang,Bao Xing,-,"Dianjiang, China",30.336603,107.277444,,,330.9-323.2,Carboniferous,Middle,-,-,Sichuan Basin,1986,10.1016/0037-0738(86)90063-1,"Diagenetic history and reservoir characteristics of a Middle Carboniferous dolomite reservoir, eastern Sichuan, China","Yang Bao Xing. “Diagenetic History and Reservoir Characteristics of a Middle Carboniferous Dolomite Reservoir, Eastern Sichuan, China.” Sedimentary Geology, vol. 46, no. 3, Feb. 1986, pp. 275–91. ScienceDirect, https://doi.org/10.1016/0037-0738(86)90063-1.",